address,name,size
0xa7a378,__ZN8safe_jni6SetCtxEP8_jobject,0x18
0xa7a390,__ZN8safe_jni6GetCtxEv,0x1c
0xa7a3ac,__ZN8safe_jni11SetActivityEP8_jobject,0x11c
0xa7a4c8,__ZN8safe_jni13DeleteJavaRefEP8_jobject,0xd0
0xa7a598,__ZN8safe_jni9GetJniEnvEv,0x68
0xa7a600,__ZN8safe_jni11GetActivityEv,0xc
0xa7a60c,__ZN8safe_jni5GetVmEv,0xc
0xa7a618,__ZN8safe_jni9FindClassEPKc,0x2a8
0xa7a8c0,__ZN8safe_jni15checkExceptionsEb,0xc4
0xa7a984,__ZN8safe_jni21getAndClearExceptionsEv,0x24
0xa7a9a8,__ZN8safe_jni11ReleaseArgsEP8_jstring,0x2c
0xa7a9d4,__ZNSt6__ndk113unordered_mapIiNS_4pairIPN8safe_jni5ProxyEP8_jobjectEENS_4hashIiEENS_8equal_toIiEENS_9allocatorINS1_IKiS7_EEEEED2Ev,0x4c
0xa7aa20,__ZN8safe_jni11ProxyHelper7nInvokeEP7_JNIEnvP8_jobjectS4_S4_P13_jobjectArray,0x170
0xa7ab90,__ZN8safe_jni11ProxyHelper11NewInstanceEPNS_5ProxyEP8_jobjectRNSt6__ndk16vectorIP7_jclassNS5_9allocatorIS8_EEEE,0x168
0xa7acf8,__ZNSt6__ndk112__hash_tableINS_17__hash_value_typeIiNS_4pairIPN8safe_jni5ProxyEP8_jobjectEEEENS_22__unordered_map_hasherIiS9_NS_4hashIiEELb1EEENS_21__unordered_map_equalIiS9_NS_8equal_toIiEELb1EEENS_9allocatorIS9_EEE25__emplace_unique_key_argsIiJRKNS_21piecewise_construct_tENS_5tupleIJRKiEEENSP_IJEEEEEENS2_INS_15__hash_iteratorIPNS_11__hash_nodeIS9_PvEEEEbEERKT_DpOT0_,0x20c
0xa7af04,__ZNSt6__ndk112__hash_tableINS_17__hash_value_typeIiNS_4pairIPN8safe_jni5ProxyEP8_jobjectEEEENS_22__unordered_map_hasherIiS9_NS_4hashIiEELb1EEENS_21__unordered_map_equalIiS9_NS_8equal_toIiEELb1EEENS_9allocatorIS9_EEE6rehashEm,0xe4
0xa7afe8,__ZNSt6__ndk112__hash_tableINS_17__hash_value_typeIiNS_4pairIPN8safe_jni5ProxyEP8_jobjectEEEENS_22__unordered_map_hasherIiS9_NS_4hashIiEELb1EEENS_21__unordered_map_equalIiS9_NS_8equal_toIiEELb1EEENS_9allocatorIS9_EEE8__rehashEm,0x180
0xa7b168,__ZN18safe_jni_generated7android7content7ContextC2EP8_jobject,0xc4
0xa7b22c,__ZN18safe_jni_generated7android7content7Context18getContentResolverEv,0x7c
0xa7b2a8,__ZN8safe_jni8functionIN18safe_jni_generated7android7content7ContextENS3_15ContentResolverEEclIJEEES5_P8_jobjectDpT_,0x14c
0xa7b3f4,__ZN18safe_jni_generated7android7content7Context14getClassLoaderEv,0x7c
0xa7b470,__ZN8safe_jni8functionIN18safe_jni_generated7android7content7ContextENS1_4java4lang11ClassLoaderEEclIJEEES7_P8_jobjectDpT_,0x14c
0xa7b5bc,__ZN18safe_jni_generated7android7content7ContextD0Ev,0x3c
0xa7b5f8,__ZN8safe_jni7ConvertIN18safe_jni_generated7android7content15ContentResolverEvE3SigEv,0xfc
0xa7b6f4,__ZN8safe_jni7ConvertIN18safe_jni_generated7android7content15ContentResolverEvE12CallFunctionEP10_jmethodIDP8_jobjectz,0xdc
0xa7b7d0,__ZN8safe_jni7ConvertIN18safe_jni_generated4java4lang11ClassLoaderEvE3SigEv,0xfc
0xa7b8cc,__ZN8safe_jni7ConvertIN18safe_jni_generated4java4lang11ClassLoaderEvE12CallFunctionEP10_jmethodIDP8_jobjectz,0xdc
0xa7b9a8,__ZN18safe_jni_generated3com7android15installreferrer3api21InstallReferrerClient23InstallReferrerResponseC2EP8_jobject,0xc4
0xa7ba6c,__ZN18safe_jni_generated3com7android15installreferrer3api21InstallReferrerClient7BuilderC2EP8_jobject,0xc4
0xa7bb30,__ZN18safe_jni_generated3com7android15installreferrer3api21InstallReferrerClient7Builder5buildEv,0x7c
0xa7bbac,__ZN8safe_jni8functionIN18safe_jni_generated3com7android15installreferrer3api21InstallReferrerClient7BuilderES6_EclIJEEES6_P8_jobjectDpT_,0x14c
0xa7bcf8,__ZN18safe_jni_generated3com7android15installreferrer3api21InstallReferrerClient7BuilderC2ERKNS_7android7content7ContextE,0x134
0xa7be2c,__ZN8safe_jni4ctorIN18safe_jni_generated3com7android15installreferrer3api21InstallReferrerClient7BuilderEEclIJNS1_7android7content7ContextEEEEP8_jobjectDpT_,0x17c
0xa7bfa8,__ZN18safe_jni_generated3com7android15installreferrer3api21InstallReferrerClientC2EP8_jobject,0xc4
0xa7c06c,__ZN18safe_jni_generated3com7android15installreferrer3api21InstallReferrerClient10newBuilderERKNS_7android7content7ContextE,0x154
0xa7c1c0,__ZN8safe_jni15static_functionIN18safe_jni_generated3com7android15installreferrer3api21InstallReferrerClientENS6_7BuilderEEclIJNS1_7android7content7ContextEEEES7_DpT_,0x194
0xa7c354,__ZN18safe_jni_generated3com7android15installreferrer3api21InstallReferrerClient15startConnectionERKNS3_28InstallReferrerStateListenerE,0x160
0xa7c4b4,__ZN8safe_jni8functionIN18safe_jni_generated3com7android15installreferrer3api21InstallReferrerClientEvEclIJNS5_28InstallReferrerStateListenerEEEEvP8_jobjectDpT_,0x16c
0xa7c620,__ZN18safe_jni_generated3com7android15installreferrer3api21InstallReferrerClient13endConnectionEv,0x7c
0xa7c69c,__ZN8safe_jni8functionIN18safe_jni_generated3com7android15installreferrer3api21InstallReferrerClientEvEclIJEEEvP8_jobjectDpT_,0x13c
0xa7c7d8,__ZN18safe_jni_generated3com7android15installreferrer3api21InstallReferrerClient18getInstallReferrerEv,0x7c
0xa7c854,__ZN8safe_jni8functionIN18safe_jni_generated3com7android15installreferrer3api21InstallReferrerClientENS5_15ReferrerDetailsEEclIJEEES7_P8_jobjectDpT_,0x14c
0xa7c9a0,__ZN18safe_jni_generated3com7android15installreferrer3api21InstallReferrerClient23InstallReferrerResponseD0Ev,0x3c
0xa7c9dc,__ZN18safe_jni_generated3com7android15installreferrer3api21InstallReferrerClient7BuilderD0Ev,0x3c
0xa7ca18,__ZN8safe_jni7ConvertIN18safe_jni_generated3com7android15installreferrer3api21InstallReferrerClientEvE3SigEv,0xfc
0xa7cb14,__ZN8safe_jni7ConvertIN18safe_jni_generated3com7android15installreferrer3api21InstallReferrerClientEvE12CallFunctionEP10_jmethodIDP8_jobjectz,0x16c
0xa7cc80,__ZN8safe_jni7ConvertIN18safe_jni_generated7android7content7ContextEvE3SigEv,0xfc
0xa7cd7c,__ZN8safe_jni7ConvertIN18safe_jni_generated3com7android15installreferrer3api21InstallReferrerClient7BuilderEvE3SigEv,0xfc
0xa7ce78,__ZN8safe_jni7ConvertIN18safe_jni_generated3com7android15installreferrer3api21InstallReferrerClient7BuilderEvE18CallStaticFunctionEP10_jmethodIDP7_jclassz,0x16c
0xa7cfe4,__ZN8safe_jni7ConvertIN18safe_jni_generated3com7android15installreferrer3api28InstallReferrerStateListenerEvE3SigEv,0xfc
0xa7d0e0,__ZN8safe_jni7ConvertIN18safe_jni_generated3com7android15installreferrer3api15ReferrerDetailsEvE3SigEv,0xfc
0xa7d1dc,__ZN8safe_jni7ConvertIN18safe_jni_generated3com7android15installreferrer3api15ReferrerDetailsEvE12CallFunctionEP10_jmethodIDP8_jobjectz,0xdc
0xa7d2b8,__ZN18safe_jni_generated3com7android15installreferrer3api28InstallReferrerStateListenerC2Ev,0xf4
0xa7d3ac,__ZN18safe_jni_generated3com7android15installreferrer3api28InstallReferrerStateListener6invokeEP10_jmethodIDP13_jobjectArray,0x430
0xa7d7dc,__ZThn16_N18safe_jni_generated3com7android15installreferrer3api28InstallReferrerStateListener6invokeEP10_jmethodIDP13_jobjectArray,0x8
0xa7d7e4,__ZN18safe_jni_generated3com7android15installreferrer3api28InstallReferrerStateListenerD0Ev,0x3c
0xa7d820,__ZN18safe_jni_generated3com7android15installreferrer3api28InstallReferrerStateListener30onInstallReferrerSetupFinishedEi,0x4
0xa7d824,__ZN18safe_jni_generated3com7android15installreferrer3api28InstallReferrerStateListener36onInstallReferrerServiceDisconnectedEv,0x4
0xa7d828,__ZNSt6__ndk110__function6__baseIFvRN8safe_jni5ProxyEiEED2Ev,0x4
0xa7d82c,__ZNSt6__ndk110__function6__funcIZN18safe_jni_generated3com7android15installreferrer3api28InstallReferrerStateListener6invokeEP10_jmethodIDP13_jobjectArrayE3$_0NS_9allocatorISC_EEFvRN8safe_jni5ProxyEiEED0Ev,0x4
0xa7d830,__ZNKSt6__ndk110__function6__funcIZN18safe_jni_generated3com7android15installreferrer3api28InstallReferrerStateListener6invokeEP10_jmethodIDP13_jobjectArrayE3$_0NS_9allocatorISC_EEFvRN8safe_jni5ProxyEiEE7__cloneEv,0x24
0xa7d854,__ZNKSt6__ndk110__function6__funcIZN18safe_jni_generated3com7android15installreferrer3api28InstallReferrerStateListener6invokeEP10_jmethodIDP13_jobjectArrayE3$_0NS_9allocatorISC_EEFvRN8safe_jni5ProxyEiEE7__cloneEPNS0_6__baseISI_EE,0x10
0xa7d864,__ZNSt6__ndk110__function6__funcIZN18safe_jni_generated3com7android15installreferrer3api28InstallReferrerStateListener6invokeEP10_jmethodIDP13_jobjectArrayE3$_0NS_9allocatorISC_EEFvRN8safe_jni5ProxyEiEE7destroyEv,0x4
0xa7d868,__ZNSt6__ndk110__function6__funcIZN18safe_jni_generated3com7android15installreferrer3api28InstallReferrerStateListener6invokeEP10_jmethodIDP13_jobjectArrayE3$_0NS_9allocatorISC_EEFvRN8safe_jni5ProxyEiEE18destroy_deallocateEv,0x4
0xa7d86c,__ZNSt6__ndk110__function6__funcIZN18safe_jni_generated3com7android15installreferrer3api28InstallReferrerStateListener6invokeEP10_jmethodIDP13_jobjectArrayE3$_0NS_9allocatorISC_EEFvRN8safe_jni5ProxyEiEEclESH_Oi,0x14
0xa7d880,__ZNKSt6__ndk110__function6__funcIZN18safe_jni_generated3com7android15installreferrer3api28InstallReferrerStateListener6invokeEP10_jmethodIDP13_jobjectArrayE3$_0NS_9allocatorISC_EEFvRN8safe_jni5ProxyEiEE6targetERKSt9type_info,0x1c
0xa7d89c,__ZNKSt6__ndk110__function6__funcIZN18safe_jni_generated3com7android15installreferrer3api28InstallReferrerStateListener6invokeEP10_jmethodIDP13_jobjectArrayE3$_0NS_9allocatorISC_EEFvRN8safe_jni5ProxyEiEE11target_typeEv,0xc
0xa7d8a8,__ZNSt6__ndk110__function6__funcIZN18safe_jni_generated3com7android15installreferrer3api28InstallReferrerStateListener6invokeEP10_jmethodIDP13_jobjectArrayE3$_1NS_9allocatorISC_EEFvRN8safe_jni5ProxyEEED0Ev,0x4
0xa7d8ac,__ZNKSt6__ndk110__function6__funcIZN18safe_jni_generated3com7android15installreferrer3api28InstallReferrerStateListener6invokeEP10_jmethodIDP13_jobjectArrayE3$_1NS_9allocatorISC_EEFvRN8safe_jni5ProxyEEE7__cloneEv,0x24
0xa7d8d0,__ZNKSt6__ndk110__function6__funcIZN18safe_jni_generated3com7android15installreferrer3api28InstallReferrerStateListener6invokeEP10_jmethodIDP13_jobjectArrayE3$_1NS_9allocatorISC_EEFvRN8safe_jni5ProxyEEE7__cloneEPNS0_6__baseISI_EE,0x10
0xa7d8e0,__ZNSt6__ndk110__function6__funcIZN18safe_jni_generated3com7android15installreferrer3api28InstallReferrerStateListener6invokeEP10_jmethodIDP13_jobjectArrayE3$_1NS_9allocatorISC_EEFvRN8safe_jni5ProxyEEE7destroyEv,0x4
0xa7d8e4,__ZNSt6__ndk110__function6__funcIZN18safe_jni_generated3com7android15installreferrer3api28InstallReferrerStateListener6invokeEP10_jmethodIDP13_jobjectArrayE3$_1NS_9allocatorISC_EEFvRN8safe_jni5ProxyEEE18destroy_deallocateEv,0x4
0xa7d8e8,__ZNSt6__ndk110__function6__funcIZN18safe_jni_generated3com7android15installreferrer3api28InstallReferrerStateListener6invokeEP10_jmethodIDP13_jobjectArrayE3$_1NS_9allocatorISC_EEFvRN8safe_jni5ProxyEEEclESH_,0x10
0xa7d8f8,__ZNKSt6__ndk110__function6__funcIZN18safe_jni_generated3com7android15installreferrer3api28InstallReferrerStateListener6invokeEP10_jmethodIDP13_jobjectArrayE3$_1NS_9allocatorISC_EEFvRN8safe_jni5ProxyEEE6targetERKSt9type_info,0x1c
0xa7d914,__ZNKSt6__ndk110__function6__funcIZN18safe_jni_generated3com7android15installreferrer3api28InstallReferrerStateListener6invokeEP10_jmethodIDP13_jobjectArrayE3$_1NS_9allocatorISC_EEFvRN8safe_jni5ProxyEEE11target_typeEv,0xc
0xa7d920,__ZNSt6__ndk110__function6__baseIFvRN8safe_jni5ProxyEEED2Ev,0x4
0xa7d924,__ZN8safe_jni13InterfaceFuncIvJiEE4callERNS_5ProxyEP13_jobjectArray,0x8
0xa7d92c,__ZN8safe_jni17callInterfaceFuncIvJiEJLm0EELi0EEEP8_jobjectRNSt6__ndk18functionIFvRNS_5ProxyEDpT0_EEES6_P13_jobjectArrayNS3_16integer_sequenceImJXspT1_EEEE,0xc8
0xa7d9f4,__ZN8safe_jni13InterfaceFuncIvJEE4callERNS_5ProxyEP13_jobjectArray,0x2c
0xa7da20,__ZN18safe_jni_generated4java4lang7IntegerC2EP8_jobject,0xc4
0xa7dae4,__ZN18safe_jni_generated4java4lang7Integer8intValueEv,0x7c
0xa7db60,__ZN8safe_jni8functionIN18safe_jni_generated4java4lang7IntegerEiEclIJEEEiP8_jobjectDpT_,0x13c
0xa7dc9c,__ZN18safe_jni_generated4java4lang7IntegerC2Ei,0x54
0xa7dcf0,__ZN8safe_jni4ctorIN18safe_jni_generated4java4lang7IntegerEEclIJiEEEP8_jobjectDpT_,0x180
0xa7de70,__ZN18safe_jni_generated4java4lang7IntegerD0Ev,0x3c
0xa7deac,__ZN18safe_jni_generated4java4lang7reflect17InvocationHandlerC2EP8_jobject,0xc4
0xa7df70,__ZN18safe_jni_generated4java4lang7reflect17InvocationHandlerD0Ev,0x3c
0xa7dfac,__ZN18safe_jni_generated26registerJavaNativeFunctionEv,0xb0
0xa7e05c,__ZN18safe_jni_generated4java4lang7reflect6MethodC2EP8_jobject,0xc4
0xa7e120,__ZN18safe_jni_generated4java4lang7reflect6Method7getNameEv,0x7c
0xa7e19c,__ZN8safe_jni8functionIN18safe_jni_generated4java4lang7reflect6MethodE6StringEclIJEEES6_P8_jobjectDpT_,0x14c
0xa7e2e8,__ZN18safe_jni_generated4java4lang7reflect6MethodD0Ev,0x3c
0xa7e324,__ZN18safe_jni_generated3com5sistr7safejni11NativeProxyC2EP8_jobject,0xc4
0xa7e3e8,__ZN18safe_jni_generated3com5sistr7safejni11NativeProxyC2Ev,0x54
0xa7e43c,__ZN8safe_jni4ctorIN18safe_jni_generated3com5sistr7safejni11NativeProxyEEclIJEEEP8_jobjectDpT_,0xbc
0xa7e4f8,__ZN18safe_jni_generated3com5sistr7safejni11NativeProxyD0Ev,0x3c
0xa7e534,__ZN18safe_jni_generated4java4lang6ObjectC2EP8_jobject,0xc4
0xa7e5f8,__ZN18safe_jni_generated4java4lang6ObjectD0Ev,0x3c
0xa7e634,__ZN18safe_jni_generated4java4lang7reflect5ProxyC2EP8_jobject,0xc4
0xa7e6f8,__ZN18safe_jni_generated4java4lang7reflect5Proxy16newProxyInstanceERKNS1_11ClassLoaderERKNSt6__ndk16vectorIP7_jclassNS7_9allocatorISA_EEEERKNS2_17InvocationHandlerE,0x274
0xa7e96c,__ZN8safe_jni15static_functionIN18safe_jni_generated4java4lang7reflect5ProxyENS3_6ObjectEEclIJNS3_11ClassLoaderENSt6__ndk16vectorIP7_jclassNSA_9allocatorISD_EEEENS4_17InvocationHandlerEEEES6_DpT_,0x204
0xa7eb70,__ZN18safe_jni_generated4java4lang7reflect5ProxyD0Ev,0x3c
0xa7ebac,__ZN18safe_jni_generated4java4lang11ClassLoaderD0Ev,0x3c
0xa7ebe8,__ZN8safe_jni7ConvertIN18safe_jni_generated4java4lang6ObjectEvE3SigEv,0xfc
0xa7ece4,__ZN8safe_jni7ConvertINSt6__ndk16vectorIP7_jclassNS1_9allocatorIS4_EEEEvE3SigEv,0xd4
0xa7edb8,__ZN8safe_jni7ConvertIN18safe_jni_generated4java4lang7reflect17InvocationHandlerEvE3SigEv,0xfc
0xa7eeb4,__ZN8safe_jni11PrepareArgsIJNSt6__ndk16vectorIP7_jclassNS1_9allocatorIS4_EEEEN18safe_jni_generated4java4lang7reflect17InvocationHandlerEEE3valERKS7_RKSC_,0x128
0xa7efdc,__ZN8safe_jni7ConvertIN18safe_jni_generated4java4lang6ObjectEvE18CallStaticFunctionEP10_jmethodIDP7_jclassz,0xdc
0xa7f0b8,__ZN18safe_jni_generated3com7android15installreferrer3api15ReferrerDetailsC2EP8_jobject,0xc4
0xa7f17c,__ZN18safe_jni_generated3com7android15installreferrer3api15ReferrerDetails25getGooglePlayInstantParamEv,0x7c
0xa7f1f8,__ZN8safe_jni8functionIN18safe_jni_generated3com7android15installreferrer3api15ReferrerDetailsEbEclIJEEEbP8_jobjectDpT_,0x140
0xa7f338,__ZN18safe_jni_generated3com7android15installreferrer3api15ReferrerDetails31getInstallBeginTimestampSecondsEv,0x7c
0xa7f3b4,__ZN8safe_jni8functionIN18safe_jni_generated3com7android15installreferrer3api15ReferrerDetailsElEclIJEEElP8_jobjectDpT_,0x13c
0xa7f4f0,__ZN18safe_jni_generated3com7android15installreferrer3api15ReferrerDetails18getInstallReferrerEv,0x7c
0xa7f56c,__ZN8safe_jni8functionIN18safe_jni_generated3com7android15installreferrer3api15ReferrerDetailsE6StringEclIJEEES7_P8_jobjectDpT_,0x14c
0xa7f6b8,__ZN18safe_jni_generated3com7android15installreferrer3api15ReferrerDetails32getReferrerClickTimestampSecondsEv,0x7c
0xa7f734,__ZN18safe_jni_generated3com7android15installreferrer3api15ReferrerDetailsD0Ev,0x3c
0xa7f770,__ZN18safe_jni_generated4java4lang6SystemC2EP8_jobject,0xc4
0xa7f834,__ZN18safe_jni_generated4java4lang6System16identityHashCodeERKNS1_6ObjectE,0x14c
0xa7f980,__ZN8safe_jni15static_functionIN18safe_jni_generated4java4lang6SystemEiEclIJNS3_6ObjectEEEEiDpT_,0x184
0xa7fb04,__ZN18safe_jni_generated4java4lang6SystemD0Ev,0x3c
0xa7fb40,__ZN18safe_jni_generated4java4lang11ClassLoaderC2EP8_jobject,0xc4
0xa7fc04,__ZN18safe_jni_generated7android7content15ContentResolverC2EP8_jobject,0xc4
0xa7fcc8,__ZN18safe_jni_generated7android7content15ContentResolver23openAssetFileDescriptorERKNS0_3net3UriERK6String,0x184
0xa7fe4c,__ZN8safe_jni8functionIN18safe_jni_generated7android7content15ContentResolverENS3_3res19AssetFileDescriptorEEclIJNS2_3net3UriE6StringEEES6_P8_jobjectDpT_,0x1ec
0xa80038,__ZN18safe_jni_generated7android7content15ContentResolverD0Ev,0x3c
0xa80074,__ZN18safe_jni_generated7android3net3UriD0Ev,0x3c
0xa800b0,__ZN8safe_jni7ConvertIN18safe_jni_generated7android7content3res19AssetFileDescriptorEvE3SigEv,0xfc
0xa801ac,__ZN8safe_jni7ConvertIN18safe_jni_generated7android3net3UriEvE3SigEv,0xfc
0xa802a8,__ZN8safe_jni7ConvertIN18safe_jni_generated7android7content3res19AssetFileDescriptorEvE12CallFunctionEP10_jmethodIDP8_jobjectz,0xdc
0xa80384,__ZN18safe_jni_generated7android7content3res19AssetFileDescriptorC2EP8_jobject,0xc4
0xa80448,__ZN18safe_jni_generated7android7content3res19AssetFileDescriptor23getParcelFileDescriptorEv,0x7c
0xa804c4,__ZN8safe_jni8functionIN18safe_jni_generated7android7content3res19AssetFileDescriptorENS2_2os20ParcelFileDescriptorEEclIJEEES7_P8_jobjectDpT_,0x14c
0xa80610,__ZN18safe_jni_generated7android7content3res19AssetFileDescriptorD0Ev,0x3c
0xa8064c,__ZN8safe_jni7ConvertIN18safe_jni_generated7android2os20ParcelFileDescriptorEvE3SigEv,0xfc
0xa80748,__ZN8safe_jni7ConvertIN18safe_jni_generated7android2os20ParcelFileDescriptorEvE12CallFunctionEP10_jmethodIDP8_jobjectz,0xdc
0xa80824,__ZN18safe_jni_generated7android2os20ParcelFileDescriptorC2EP8_jobject,0xc4
0xa808e8,__ZN18safe_jni_generated7android2os20ParcelFileDescriptor5getFdEv,0x7c
0xa80964,__ZN8safe_jni8functionIN18safe_jni_generated7android2os20ParcelFileDescriptorEiEclIJEEEiP8_jobjectDpT_,0x13c
0xa80aa0,__ZN18safe_jni_generated7android2os20ParcelFileDescriptorD0Ev,0x3c
0xa80adc,_android_getCpuFamily,0x38
0xa80b14,_android_cpuInit,0x228
0xa80d3c,_android_getCpuFeatures,0x2c
0xa80d68,_android_getCpuCount,0x2c
0xa80d94,_android_setCpu,0x68
0xa80dfc,_android_cpuInitDummy,0x10
0xa80e0c,_read_file,0xac
0xa80eb8,_cpulist_read_from,0x1ac
0xa81064,_FT_Get_Advance,0x13c
0xa811a0,_FT_Get_Advances,0x24c
0xa813ec,_FT_Load_Glyph,0x6d0
0xa81abc,_FT_RoundFix,0x10
0xa81acc,_FT_CeilFix,0x10
0xa81adc,_FT_FloorFix,0x8
0xa81ae4,_FT_Hypot,0x4c
0xa81b30,_FT_Vector_Length,0x11c
0xa81c4c,_FT_MulDiv,0x54
0xa81ca0,_FT_MulDiv_No_Round,0x50
0xa81cf0,_FT_MulFix,0x14
0xa81d04,_FT_DivFix,0x44
0xa81d48,_FT_Matrix_Multiply,0xa8
0xa81df0,_FT_Matrix_Invert,0x140
0xa81f30,_FT_Matrix_Multiply_Scaled,0x28c
0xa821bc,_FT_Vector_Transform_Scaled,0x154
0xa82310,_FT_Vector_NormLen,0x16c
0xa8247c,_ft_corner_orientation,0x20
0xa8249c,_ft_corner_is_flat,0x88
0xa82524,_FT_GlyphLoader_New,0x64
0xa82588,_ft_mem_alloc,0x74
0xa825fc,_FT_GlyphLoader_Rewind,0x2c
0xa82628,_FT_GlyphLoader_Reset,0xc8
0xa826f0,_ft_mem_free,0x10
0xa82700,_FT_GlyphLoader_Done,0xdc
0xa827dc,_FT_GlyphLoader_CreateExtra,0xe4
0xa828c0,_ft_mem_realloc,0x70
0xa82930,_FT_GlyphLoader_CheckPoints,0x534
0xa82e64,_FT_GlyphLoader_CheckSubGlyphs,0x170
0xa82fd4,_FT_GlyphLoader_Prepare,0x60
0xa83034,_FT_GlyphLoader_Add,0x104
0xa83138,_FT_GlyphLoader_CopyPoints,0x114
0xa8324c,_ft_hash_str_init,0x7c
0xa832c8,_ft_hash_num_init,0x7c
0xa83344,_ft_hash_str_free,0x7c
0xa833c0,_ft_hash_str_insert,0x4
0xa833c4,_hash_insert,0x270
0xa83634,_ft_hash_num_insert,0x8
0xa8363c,_ft_hash_str_lookup,0xbc
0xa836f8,_ft_hash_num_lookup,0xc0
0xa837b8,_ft_service_list_lookup,0x54
0xa8380c,_ft_validator_init,0x14
0xa83820,_ft_validator_run,0x8
0xa83828,_ft_validator_error,0x14
0xa8383c,_FT_Stream_New,0x114
0xa83950,_FT_Stream_OpenMemory,0x14
0xa83964,_FT_Stream_Free,0x5c
0xa839c0,_FT_Stream_Close,0x14
0xa839d4,_ft_glyphslot_free_bitmap,0x60
0xa83a34,_ft_glyphslot_set_bitmap,0x68
0xa83a9c,_ft_glyphslot_alloc_bitmap,0xb4
0xa83b50,_FT_New_GlyphSlot,0x21c
0xa83d6c,_FT_Done_GlyphSlot,0x14c
0xa83eb8,_FT_Set_Transform,0xa0
0xa83f58,_FT_Outline_Check,0x6c
0xa83fc4,_FT_Outline_Transform,0x88
0xa8404c,_FT_Outline_Translate,0xb4
0xa84100,_FT_Vector_Transform,0x5c
0xa8415c,_FT_Render_Glyph,0x120
0xa8427c,_FT_Load_Char,0x54
0xa842d0,_FT_Get_Char_Index,0x40
0xa84310,_FT_New_Face,0x64
0xa84374,_ft_open_face_internal,0x654
0xa849c8,_FT_New_Memory_Face,0x74
0xa84a3c,_FT_Open_Face,0x8
0xa84a44,_FT_Attach_File,0x114
0xa84b58,_FT_Attach_Stream,0xd4
0xa84c2c,_FT_Reference_Face,0x28
0xa84c54,_FT_Done_Face,0xbc
0xa84d10,_FT_List_Find,0x24
0xa84d34,_FT_List_Remove,0x30
0xa84d64,_destroy_face,0x1e0
0xa84f44,_FT_New_Size,0x150
0xa85094,_FT_List_Add,0x28
0xa850bc,_FT_Done_Size,0x114
0xa851d0,_FT_Match_Size,0x144
0xa85314,_ft_synthesize_vertical_metrics,0x68
0xa8537c,_FT_Select_Metrics,0x134
0xa854b0,_FT_Request_Metrics,0x318
0xa857c8,_FT_Select_Size,0x70
0xa85838,_FT_Request_Size,0x1c4
0xa859fc,_FT_Set_Char_Size,0xa0
0xa85a9c,_FT_Set_Pixel_Sizes,0x94
0xa85b30,_FT_Get_Kerning,0x160
0xa85c90,_FT_Get_Track_Kerning,0x90
0xa85d20,_FT_Select_Charmap,0x118
0xa85e38,_FT_Set_Charmap,0xe8
0xa85f20,_FT_Get_CMap_Format,0x90
0xa85fb0,_FT_Get_Charmap_Index,0x50
0xa86000,_FT_CMap_Done,0x16c
0xa8616c,_FT_CMap_New,0x200
0xa8636c,_FT_Get_First_Char,0xec
0xa86458,_FT_Get_Next_Char,0xc8
0xa86520,_FT_Face_GetCharVariantIndex,0x138
0xa86658,_FT_Face_GetCharVariantIsDefault,0x118
0xa86770,_FT_Face_GetVariantSelectors,0x104
0xa86874,_FT_Face_GetVariantsOfChar,0x114
0xa86988,_FT_Face_GetCharsOfVariant,0x114
0xa86a9c,_FT_Get_Name_Index,0xa0
0xa86b3c,_FT_Get_Glyph_Name,0xe4
0xa86c20,_FT_Get_Postscript_Name,0x8c
0xa86cac,_FT_Get_Sfnt_Table,0x68
0xa86d14,_FT_Load_Sfnt_Table,0xa0
0xa86db4,_FT_Sfnt_Table_Info,0xb8
0xa86e6c,_FT_Get_CMap_Language_ID,0x90
0xa86efc,_FT_Activate_Size,0x34
0xa86f30,_FT_Lookup_Renderer,0x4c
0xa86f7c,_FT_Get_Renderer,0x2c
0xa86fa8,_FT_Set_Renderer,0xe0
0xa87088,_FT_List_Up,0x40
0xa870c8,_FT_Render_Glyph_Internal,0x100
0xa871c8,_FT_Add_Module,0x2d8
0xa874a0,_FT_Remove_Module,0x250
0xa876f0,_FT_Get_Module,0x6c
0xa8775c,_FT_Get_Module_Interface,0x84
0xa877e0,_ft_module_get_service,0xb8
0xa87898,_FT_Property_Set,0xe8
0xa87980,_FT_Property_Get,0xe4
0xa87a64,_ft_property_string_set,0xe8
0xa87b4c,_FT_Reference_Library,0x24
0xa87b70,_FT_New_Library,0xa8
0xa87c18,_FT_Library_Version,0x3c
0xa87c54,_FT_Done_Library,0x1ac
0xa87e00,_FT_Set_Debug_Hook,0x1c
0xa87e1c,_FT_Get_TrueType_Engine_Type,0x98
0xa87eb4,_FT_Get_SubGlyph_Info,0x6c
0xa87f20,_FT_Outline_Decompose,0x3cc
0xa882ec,_FT_Outline_New_Internal,0x204
0xa884f0,_FT_Outline_Done_Internal,0x98
0xa88588,_FT_Outline_New,0x14
0xa8859c,_FT_Outline_Copy,0xb8
0xa88654,_FT_Outline_Done,0xa4
0xa886f8,_FT_Outline_Get_CBox,0x178
0xa88870,_FT_Outline_Reverse,0xc8
0xa88938,_FT_Outline_Render,0xbc
0xa889f4,_FT_Outline_Get_Bitmap,0x10c
0xa88b00,_FT_Outline_Embolden,0x8
0xa88b08,_FT_Outline_EmboldenXY,0x3d4
0xa88edc,_FT_Outline_Get_Orientation,0x354
0xa89230,_FT_Raccess_Get_HeaderInfo,0x574
0xa897a4,_FT_Stream_Seek,0x5c
0xa89800,_FT_Stream_Read,0x90
0xa89890,_FT_Stream_Skip,0x64
0xa898f4,_FT_Stream_ReadUShort,0xc8
0xa899bc,_FT_Raccess_Get_DataOffsets,0x628
0xa89fe4,_FT_Stream_ReadULong,0xdc
0xa8a0c0,_ft_raccess_sort_ref_by_id,0x18
0xa8a0d8,_FT_Raccess_Guess,0xd4
0xa8a1ac,_FT_Get_Sfnt_Name_Count,0x1c
0xa8a1c8,_FT_Get_Sfnt_Name,0x1b0
0xa8a378,_FT_Stream_Pos,0x8
0xa8a380,_FT_Stream_ReadAt,0x90
0xa8a410,_FT_Stream_TryRead,0x80
0xa8a490,_FT_Stream_ExtractFrame,0x34
0xa8a4c4,_FT_Stream_EnterFrame,0x124
0xa8a5e8,_FT_Stream_ReleaseFrame,0x44
0xa8a62c,_ft_mem_qalloc,0x50
0xa8a67c,_FT_Stream_ExitFrame,0x40
0xa8a6bc,_FT_Stream_GetChar,0x24
0xa8a6e0,_FT_Stream_GetUShort,0x30
0xa8a710,_FT_Stream_GetUShortLE,0x28
0xa8a738,_FT_Stream_GetUOffset,0x40
0xa8a778,_FT_Stream_GetULong,0x48
0xa8a7c0,_FT_Stream_GetULongLE,0x44
0xa8a804,_FT_Stream_ReadChar,0xb8
0xa8a8bc,_FT_Stream_ReadUShortLE,0xc0
0xa8a97c,_FT_Stream_ReadUOffset,0xd4
0xa8aa50,_FT_Stream_ReadULongLE,0xdc
0xa8ab2c,_FT_Stream_ReadFields,0x234
0xa8ad60,_FT_Cos,0xe8
0xa8ae48,_FT_Vector_Unit,0x104
0xa8af4c,_FT_Sin,0xe8
0xa8b034,_FT_Tan,0x130
0xa8b164,_FT_Atan2,0x130
0xa8b294,_FT_Vector_Rotate,0x194
0xa8b428,_FT_Vector_Polarize,0x178
0xa8b5a0,_FT_Vector_From_Polar,0x14
0xa8b5b4,_FT_Angle_Diff,0x74
0xa8b628,_ft_mem_qrealloc,0xfc
0xa8b724,_ft_mem_dup,0x90
0xa8b7b4,_ft_mem_strdup,0x98
0xa8b84c,_ft_mem_strcpyn,0x38
0xa8b884,_FT_List_Insert,0x28
0xa8b8ac,_FT_List_Iterate,0x68
0xa8b914,_FT_List_Finalize,0x88
0xa8b99c,_hash_num_lookup,0x3c
0xa8b9d8,_hash_num_compare,0x14
0xa8b9ec,_hash_str_lookup,0x34
0xa8ba20,_hash_str_compare,0x40
0xa8ba60,_open_face,0x348
0xa8bda8,_open_face_PS_from_sfnt_stream,0x5c0
0xa8c368,_open_face_from_buffer,0x198
0xa8c500,_memory_stream_close,0x38
0xa8c538,_IsMacBinary,0x17c
0xa8c6b4,_IsMacResource,0x8b8
0xa8cf6c,_load_face_in_embedded_rfork,0x2ec
0xa8d258,_raccess_guess_apple_double,0x24
0xa8d27c,_raccess_guess_apple_single,0x24
0xa8d2a0,_raccess_guess_darwin_ufs_export,0x118
0xa8d3b8,_raccess_guess_darwin_newvfs,0xdc
0xa8d494,_raccess_guess_darwin_hfsplus,0xd8
0xa8d56c,_raccess_guess_vfat,0x50
0xa8d5bc,_raccess_guess_linux_cap,0x50
0xa8d60c,_raccess_guess_linux_double,0x118
0xa8d724,_raccess_guess_linux_netatalk,0x118
0xa8d83c,_raccess_guess_apple_generic,0x328
0xa8db64,_raccess_make_file_name,0xe0
0xa8dc44,_ft_bitmap_glyph_init,0xa8
0xa8dcec,_ft_bitmap_glyph_done,0xc
0xa8dcf8,_ft_bitmap_glyph_copy,0x20
0xa8dd18,_ft_bitmap_glyph_bbox,0x3c
0xa8dd54,_ft_outline_glyph_init,0x68
0xa8ddbc,_ft_outline_glyph_done,0xc
0xa8ddc8,_ft_outline_glyph_copy,0x5c
0xa8de24,_ft_outline_glyph_transform,0x44
0xa8de68,_ft_outline_glyph_bbox,0x8
0xa8de70,_ft_outline_glyph_prepare,0x34
0xa8dea4,_FT_Glyph_Copy,0x114
0xa8dfb8,_FT_Done_Glyph,0x44
0xa8dffc,_FT_Get_Glyph,0x14c
0xa8e148,_FT_Glyph_Transform,0x60
0xa8e1a8,_FT_Glyph_Get_CBox,0x98
0xa8e240,_FT_Glyph_To_Bitmap,0x2e8
0xa8e528,_FT_Add_Default_Modules,0x134
0xa8e65c,_FT_Init_FreeType,0x20c
0xa8e868,_FT_Done_FreeType,0x38
0xa8e8a0,_FT_Stream_Open,0xb8
0xa8e958,_ft_ansi_stream_io,0x74
0xa8e9cc,_ft_ansi_stream_close,0x2c
0xa8e9f8,_FT_New_Memory,0x3c
0xa8ea34,_ft_alloc,0x8
0xa8ea3c,_ft_realloc,0xc
0xa8ea48,_ft_free,0x8
0xa8ea50,_FT_Done_Memory,0x4
0xa8ea54,_cff_driver_init,0x28
0xa8ea7c,_cff_driver_done,0x4
0xa8ea80,_cff_get_interface,0x6c
0xa8eaec,_cff_face_init,0x2130
0xa90c1c,_cff_face_done,0x3a4
0xa90fc0,_cff_size_init,0x15c
0xa9111c,_cff_size_done,0x98
0xa911b4,_cff_slot_init,0x58
0xa9120c,_cff_slot_done,0xc
0xa91218,_cff_glyph_load,0xac8
0xa91ce0,_cff_get_kerning,0x3c
0xa91d1c,_cff_get_advances,0x174
0xa91e90,_cff_size_request,0x1a4
0xa92034,_cff_size_select,0x138
0xa9216c,_cff_cmap_encoding_init,0x18
0xa92184,_cff_cmap_encoding_done,0x8
0xa9218c,_cff_cmap_encoding_char_index,0x1c
0xa921a8,_cff_cmap_encoding_char_next,0x40
0xa921e8,_cff_cmap_unicode_init,0x3c
0xa92224,_cff_cmap_unicode_done,0x34
0xa92258,_cff_cmap_unicode_char_index,0x14
0xa9226c,_cff_cmap_unicode_char_next,0x14
0xa92280,_cff_set_mm_blend,0xc
0xa9228c,_cff_get_mm_blend,0xc
0xa92298,_cff_get_mm_var,0xc
0xa922a4,_cff_set_var_design,0xc
0xa922b0,_cff_get_var_design,0xc
0xa922bc,_cff_get_var_blend,0xc
0xa922c8,_cff_done_blend,0xc
0xa922d4,_cff_ps_get_font_info,0x250
0xa92524,_cff_ps_has_glyph_names,0xc
0xa92530,_cff_get_ps_name,0x74
0xa925a4,_cff_get_glyph_name,0xf8
0xa9269c,_cff_get_name_index,0x110
0xa927ac,_cff_get_cmap_info,0x94
0xa92840,_cff_get_ros,0x110
0xa92950,_cff_get_is_cid,0x2c
0xa9297c,_cff_get_cid_from_glyph_index,0x54
0xa929d0,_cff_property_set,0x364
0xa92d34,_cff_property_get,0xc8
0xa92dfc,_cf2_decoder_parse_charstrings,0xacc
0xa938c8,_cff_index_access_element,0x218
0xa93ae0,_cf2_free_instance,0x44
0xa93b24,_cf2_builder_moveTo,0xd0
0xa93bf4,_cf2_builder_lineTo,0x198
0xa93d8c,_cf2_builder_cubeTo,0x218
0xa93fa4,_cf2_interpT2CharString,0x49e0
0xa98984,_cff_load_private_dict,0x1e8
0xa98b6c,_cf2_computeDarkening,0x22c
0xa98d98,_cff_parser_run,0x748
0xa994e0,_cff_parse_font_matrix,0x4e0
0xa999c0,_cff_parse_font_bbox,0x4c0
0xa99e80,_cff_parse_private_dict,0x278
0xa9a0f8,_cff_parse_multiple_master,0x16c
0xa9a264,_cff_parse_cid_ros,0x350
0xa9a5b4,_cff_parse_maxstack,0x150
0xa9a704,_cff_parse_vsindex,0x150
0xa9a854,_cff_parse_blend,0x55c
0xa9adb0,_cff_parse_real,0x368
0xa9b118,_cff_blend_build_vector,0x298
0xa9b3b0,_cf2_doStems,0x260
0xa9b610,_cf2_glyphpath_lineTo,0x15c
0xa9b76c,_cf2_glyphpath_curveTo,0x1dc
0xa9b948,_cf2_doFlex,0x3ec
0xa9bd34,_cf2_getSeacComponent,0x108
0xa9be3c,_cf2_hintmap_build,0x838
0xa9c674,_cf2_arrstack_push,0x120
0xa9c794,_cf2_glyphpath_computeOffset,0x188
0xa9c91c,_cf2_glyphpath_pushMove,0x228
0xa9cb44,_cf2_glyphpath_pushPrevElem,0x7dc
0xa9d320,_cf2_hintmap_map,0xdc
0xa9d3fc,_cf2_hintmap_insertHint,0x214
0xa9d610,_cf2_hint_init,0x148
0xa9d758,_cff_make_private_dict,0x3dc
0xa9db34,_cff_index_get_name,0xe0
0xa9dc14,_cff_index_init,0x1d8
0xa9ddec,_cff_index_get_pointers,0x34c
0xa9e138,_cff_subfont_load,0x2e4
0xa9e41c,_cff_vstore_done,0xc0
0xa9e4dc,_cff_sid_to_glyph_name,0x50
0xa9e52c,_ps_hints_apply,0x11fc
0xa9f728,_psh_globals_set_scale,0x39c
0xa9fac4,_ps_hinter_init,0xe0
0xa9fba4,_ps_hinter_done,0x48
0xa9fbec,_psh_hint_table_init,0x31c
0xa9ff08,_psh_hint_align,0x40c
0xaa0314,_psh_hint_table_activate_mask,0x194
0xaa04a8,_psh_hint_table_find_strong_points,0x210
0xaa06b8,_pshinter_get_globals_funcs,0x8
0xaa06c0,_pshinter_get_t1_funcs,0x8
0xaa06c8,_pshinter_get_t2_funcs,0x8
0xaa06d0,_psh_globals_new,0x4c4
0xaa0b94,_psh_globals_destroy,0x2c
0xaa0bc0,_psh_blues_set_zones,0x3a4
0xaa0f64,_t1_hints_open,0x28
0xaa0f8c,_ps_hints_close,0x60
0xaa0fec,_t1_hints_stem,0x80
0xaa106c,_ps_hints_t1stem3,0x41c
0xaa1488,_ps_hints_t1reset,0x16c
0xaa15f4,_ps_dimension_end,0x38c
0xaa1980,_ps_dimension_add_t1stem,0x25c
0xaa1bdc,_t2_hints_open,0x28
0xaa1c04,_t2_hints_stems,0x1b0
0xaa1db4,_ps_hints_t2mask,0x94
0xaa1e48,_ps_hints_t2counter,0x94
0xaa1edc,_ps_dimension_set_mask_bits,0x234
0xaa2110,_ps_dimension_done,0xc8
0xaa21d8,_psnames_get_service,0xc
0xaa21e4,_ps_unicode_value,0x2d0
0xaa24b4,_ps_unicodes_init,0x520
0xaa29d4,_ps_unicodes_char_index,0x88
0xaa2a5c,_ps_unicodes_char_next,0xb8
0xaa2b14,_ps_get_macintosh_name,0x24
0xaa2b38,_ps_get_standard_strings,0x2c
0xaa2b64,_ft_get_adobe_glyph_index,0x114
0xaa2c78,_compare_uni_maps,0x40
0xaa2cb8,_ft_black_new,0x74
0xaa2d2c,_ft_black_reset,0x4
0xaa2d30,_ft_black_set_mode,0x8
0xaa2d38,_ft_black_render,0x2a0
0xaa2fd8,_ft_black_done,0xc
0xaa2fe4,_ft_raster1_init,0x30
0xaa3014,_ft_raster1_render,0x204
0xaa3218,_ft_raster1_transform,0x5c
0xaa3274,_ft_raster1_get_cbox,0x28
0xaa329c,_ft_raster1_set_mode,0x14
0xaa32b0,_Vertical_Sweep_Init,0x3c
0xaa32ec,_Vertical_Sweep_Span,0x14c
0xaa3438,_Vertical_Sweep_Drop,0x180
0xaa35b8,_Vertical_Sweep_Step,0x14
0xaa35cc,_Render_Single_Pass,0xf64
0xaa4530,_Horizontal_Sweep_Init,0x4
0xaa4534,_Horizontal_Sweep_Span,0x8c
0xaa45c0,_Horizontal_Sweep_Drop,0x1ac
0xaa476c,_Horizontal_Sweep_Step,0x4
0xaa4770,_Line_To,0x3f8
0xaa4b68,_Conic_To,0x35c
0xaa4ec4,_Cubic_To,0x3ac
0xaa5270,_Line_Up,0x1f4
0xaa5464,_Split_Conic,0x88
0xaa54ec,_Bezier_Up,0x1f8
0xaa56e4,_Split_Cubic,0xac
0xaa5790,_tt_cmap_init,0xc
0xaa579c,_tt_cmap0_char_index,0x20
0xaa57bc,_tt_cmap0_char_next,0x34
0xaa57f0,_tt_cmap0_validate,0xb8
0xaa58a8,_tt_cmap0_get_info,0x20
0xaa58c8,_tt_cmap2_char_index,0xd0
0xaa5998,_tt_cmap2_char_next,0x124
0xaa5abc,_tt_cmap2_validate,0x230
0xaa5cec,_tt_cmap2_get_info,0x24
0xaa5d10,_tt_cmap4_init,0x28
0xaa5d38,_tt_cmap4_char_index,0x50
0xaa5d88,_tt_cmap4_char_next,0x94
0xaa5e1c,_tt_cmap4_validate,0x43c
0xaa6258,_tt_cmap4_get_info,0x24
0xaa627c,_tt_cmap6_char_index,0x48
0xaa62c4,_tt_cmap6_char_next,0x98
0xaa635c,_tt_cmap6_validate,0xd0
0xaa642c,_tt_cmap6_get_info,0x24
0xaa6450,_tt_cmap8_char_index,0x70
0xaa64c0,_tt_cmap8_char_next,0xc8
0xaa6588,_tt_cmap8_validate,0x28c
0xaa6814,_tt_cmap8_get_info,0x38
0xaa684c,_tt_cmap10_char_index,0x4c
0xaa6898,_tt_cmap10_char_next,0x84
0xaa691c,_tt_cmap10_validate,0xf8
0xaa6a14,_tt_cmap10_get_info,0x38
0xaa6a4c,_tt_cmap12_init,0x34
0xaa6a80,_tt_cmap12_char_index,0x28
0xaa6aa8,_tt_cmap12_char_next,0x74
0xaa6b1c,_tt_cmap12_validate,0x1d0
0xaa6cec,_tt_cmap12_get_info,0x38
0xaa6d24,_tt_cmap13_init,0x34
0xaa6d58,_tt_cmap13_char_index,0x7c
0xaa6dd4,_tt_cmap13_char_next,0x154
0xaa6f28,_tt_cmap13_validate,0x1c4
0xaa70ec,_tt_cmap13_get_info,0x38
0xaa7124,_tt_cmap14_init,0x38
0xaa715c,_tt_cmap14_done,0x38
0xaa7194,_tt_cmap14_char_index,0x8
0xaa719c,_tt_cmap14_char_next,0xc
0xaa71a8,_tt_cmap14_char_var_index,0x1b0
0xaa7358,_tt_cmap14_char_var_isdefault,0x1b0
0xaa7508,_tt_cmap14_variants,0xf8
0xaa7600,_tt_cmap14_char_variants,0x230
0xaa7830,_tt_cmap14_variant_chars,0x9c0
0xaa81f0,_tt_cmap14_validate,0x398
0xaa8588,_tt_cmap14_get_info,0x14
0xaa859c,_sfnt_get_interface,0xc
0xaa85a8,_tt_cmap4_char_map_linear,0x25c
0xaa8804,_tt_cmap4_char_map_binary,0x610
0xaa8e14,_tt_cmap4_next,0x20c
0xaa9020,_tt_cmap12_char_map_binary,0x148
0xaa9168,_tt_cmap12_next,0x120
0xaa9288,_tt_cmap13_next,0xc8
0xaa9350,_tt_face_goto_table,0x50
0xaa93a0,_sfnt_init_face,0xc18
0xaa9fb8,_sfnt_load_face,0x9f4
0xaaa9ac,_sfnt_done_face,0x180
0xaaab2c,_tt_face_load_any,0x88
0xaaabb4,_tt_face_load_head,0x58
0xaaac0c,_tt_face_load_hhea,0x8c
0xaaac98,_tt_face_load_cmap,0x60
0xaaacf8,_tt_face_load_maxp,0xd0
0xaaadc8,_tt_face_load_os2,0xec
0xaaaeb4,_tt_face_load_post,0x58
0xaaaf0c,_tt_face_load_name,0x1d0
0xaab0dc,_tt_face_free_name,0x84
0xaab160,_tt_face_load_kern,0x200
0xaab360,_tt_face_load_gasp,0x144
0xaab4a4,_tt_face_load_pclt,0x58
0xaab4fc,_tt_face_load_bhed,0x58
0xaab554,_tt_face_load_sbit_image,0x4c0
0xaaba14,_tt_face_get_ps_name,0x140
0xaabb54,_tt_face_free_ps_names,0xc0
0xaabc14,_tt_face_get_kerning,0x1b4
0xaabdc8,_tt_face_load_font_dir,0x3d0
0xaac198,_tt_face_load_hmtx,0xc0
0xaac258,_tt_face_load_sbit,0x3a8
0xaac600,_tt_face_free_sbit,0x30
0xaac630,_tt_face_set_sbit_strike,0xc
0xaac63c,_tt_face_load_strike_metrics,0x274
0xaac8b0,_tt_face_get_metrics,0x230
0xaacae0,_tt_face_get_name,0x258
0xaacd38,_compare_offsets,0x20
0xaacd58,_sfnt_stream_close,0x30
0xaacd88,_tt_face_build_cmaps,0x274
0xaacffc,_tt_sbit_decoder_load_image,0x790
0xaad78c,_tt_sbit_decoder_load_byte_aligned,0x2ac
0xaada38,_tt_sbit_decoder_load_bit_aligned,0x208
0xaadc40,_tt_sbit_decoder_load_compound,0x128
0xaadd68,_tt_sbit_decoder_load_png,0x8c
0xaaddf4,_Load_SBit_Png,0x4c4
0xaae2b8,_error_callback,0x38
0xaae2f0,_warning_callback,0x4
0xaae2f4,_read_data_from_FT_Stream,0x70
0xaae364,_premultiply_data,0x88
0xaae3ec,_convert_bytes_to_data,0x44
0xaae430,_load_post_names,0x430
0xaae860,_tt_name_entry_ascii_from_utf16,0xd4
0xaae934,_tt_name_entry_ascii_from_other,0xc8
0xaae9fc,_get_sfnt_table,0x88
0xaaea84,_sfnt_table_info,0x54
0xaaead8,_sfnt_get_ps_name,0x29c
0xaaed74,_sfnt_get_glyph_name,0x4c
0xaaedc0,_sfnt_get_name_index,0x8c
0xaaee4c,_sfnt_get_charset_id,0x94
0xaaeee0,_tt_face_find_bdf_prop,0x35c
0xaaf23c,_tt_get_cmap_info,0xc
0xaaf248,_gray_raster_new,0x74
0xaaf2bc,_gray_raster_reset,0x4
0xaaf2c0,_gray_raster_set_mode,0x8
0xaaf2c8,_gray_raster_render,0x4ec
0xaaf7b4,_gray_raster_done,0xc
0xaaf7c0,_ft_smooth_init,0x30
0xaaf7f0,_ft_smooth_render,0x10
0xaaf800,_ft_smooth_transform,0x5c
0xaaf85c,_ft_smooth_get_cbox,0x28
0xaaf884,_ft_smooth_set_mode,0x14
0xaaf898,_ft_smooth_render_lcd,0x30
0xaaf8c8,_ft_smooth_render_lcd_v,0x30
0xaaf8f8,_gray_convert_glyph_inner,0x134
0xaafa2c,_gray_move_to,0x48
0xaafa74,_gray_line_to,0x2c
0xaafaa0,_gray_conic_to,0x1ec
0xaafc8c,_gray_cubic_to,0x2dc
0xaaff68,_gray_set_cell,0x114
0xab007c,_gray_render_line,0x3c8
0xab0444,_gray_hline,0x128
0xab056c,_ft_smooth_render_generic,0x3c4
0xab0930,_tt_driver_init,0x10
0xab0940,_tt_driver_done,0x4
0xab0944,_tt_get_interface,0x74
0xab09b8,_tt_face_init,0x9f8
0xab13b0,_tt_face_done,0xc0
0xab1470,_tt_size_init,0x1c
0xab148c,_tt_size_done,0x24
0xab14b0,_tt_slot_init,0xc
0xab14bc,_tt_glyph_load,0xdbc
0xab2278,_tt_get_kerning,0x3c
0xab22b4,_tt_get_advances,0x150
0xab2404,_tt_size_request,0x15c
0xab2560,_tt_size_select,0x5c
0xab25bc,_TT_New_Context,0x128
0xab26e4,_TT_RunIns,0x4024
0xab6708,_Current_Ppem_Stretched,0xf0
0xab67f8,_Read_CVT_Stretched,0xf8
0xab68f0,_Write_CVT_Stretched,0x10c
0xab69fc,_Move_CVT_Stretched,0x118
0xab6b14,_Current_Ppem,0x8
0xab6b1c,_Read_CVT,0xc
0xab6b28,_Write_CVT,0xc
0xab6b34,_Move_CVT,0x18
0xab6b4c,_Compute_Funcs,0x148
0xab6c94,_Ins_DELTAP,0x17c
0xab6e10,_TT_Set_MM_Blend,0x4fc
0xab730c,_TT_Get_MM_Blend,0x168
0xab7474,_TT_Get_MM_Var,0x568
0xab79dc,_TT_Set_Var_Design,0x258
0xab7c34,_TT_Get_Var_Design,0x288
0xab7ebc,_tt_get_var_blend,0x58
0xab7f14,_tt_done_blend,0x1d4
0xab80e8,_tt_face_load_cvt,0x128
0xab8210,_tt_face_vary_cvt,0x4a8
0xab86b8,_ft_var_apply_tuple,0xe8
0xab87a0,_ft_var_readpackedpoints,0x1cc
0xab896c,_ft_var_readpackeddeltas,0x1f4
0xab8b60,_ft_var_load_avar,0x210
0xab8d70,_tt_hadvance_adjust,0x97c
0xab96ec,_tt_face_get_location,0x110
0xab97fc,_tt_property_set,0x94
0xab9890,_tt_property_get,0x48
0xab98d8,_load_truetype_glyph,0x1300
0xababd8,_TT_Load_Context,0x27c
0xabae54,_tt_size_run_prep,0x11c
0xabaf70,_tt_glyphzone_done,0x78
0xabafe8,_tt_size_done_bytecode,0xf0
0xabb0d8,_tt_get_metrics,0x14c
0xabb224,_TT_Vary_Apply_Glyph_Deltas,0xce4
0xabbf08,_tt_delta_interpolate,0x284
0xabc18c,_TT_Hint_Glyph,0x278
0xabc404,_tt_size_reset,0x158
0xabc55c,_TT_Access_Glyph_Frame,0x58
0xabc5b4,_TT_Load_Glyph_Header,0x98
0xabc64c,_TT_Load_Simple_Glyph,0x42c
0xabca78,_TT_Load_Composite_Glyph,0x27c
0xabccf4,_TT_Forget_Glyph_Frame,0x8
0xabccfc,_Project_x,0x8
0xabcd04,_Project_y,0x8
0xabcd0c,_Project,0x7c
0xabcd88,_Dual_Project,0x7c
0xabce04,_Direct_Move,0x108
0xabcf0c,_Direct_Move_Orig,0x88
0xabcf94,_Direct_Move_X,0x54
0xabcfe8,_Direct_Move_Orig_X,0x1c
0xabd004,_Direct_Move_Y,0x60
0xabd064,_Direct_Move_Orig_Y,0x18
0xabd07c,_Round_None,0x1c
0xabd098,_Round_To_Grid,0x30
0xabd0c8,_Round_Up_To_Grid,0x30
0xabd0f8,_Round_Down_To_Grid,0x28
0xabd120,_Round_To_Half_Grid,0x3c
0xabd15c,_Round_To_Double_Grid,0x30
0xabd18c,_Round_Super,0x68
0xabd1f4,_Round_Super_45,0x60
0xabd254,__iup_worker_interpolate,0x198
0xabd3ec,_Compute_Point_Displacement,0x164
0xabd550,_T1_Driver_Init,0x8
0xabd558,_T1_Driver_Done,0x4
0xabd55c,_Get_Interface,0xc
0xabd568,_T1_Face_Init,0xf84
0xabe4ec,_T1_Face_Done,0x1ac
0xabe698,_T1_Size_Init,0xb8
0xabe750,_T1_Size_Done,0x68
0xabe7b8,_T1_GlyphSlot_Init,0x54
0xabe80c,_T1_GlyphSlot_Done,0xc
0xabe818,_T1_Load_Glyph,0x400
0xabec18,_Get_Kerning,0x94
0xabecac,_T1_Read_Metrics,0x470
0xabf11c,_T1_Get_Advances,0x160
0xabf27c,_T1_Size_Request,0x9c
0xabf318,_t1_get_ps_name,0x8
0xabf320,_t1_get_glyph_name,0x2c
0xabf34c,_t1_get_name_index,0x5c
0xabf3a8,_t1_ps_get_font_info,0x24
0xabf3cc,_t1_ps_get_font_extra,0x10
0xabf3dc,_t1_ps_has_glyph_names,0x8
0xabf3e4,_t1_ps_get_font_private,0x94
0xabf478,_t1_ps_get_font_value,0x700
0xabfb78,_T1_Get_Track_Kerning,0xe4
0xabfc5c,_T1_Get_Multi_Master,0x6c
0xabfcc8,_T1_Set_MM_Design,0x218
0xabfee0,_T1_Set_MM_Blend,0xf8
0xabffd8,_T1_Get_MM_Blend,0x14c
0xac0124,_T1_Get_MM_Var,0x2f4
0xac0418,_T1_Set_Var_Design,0xac
0xac04c4,_T1_Get_Var_Design,0x1a4
0xac0668,_T1_Done_Blend,0x128
0xac0790,_mm_weights_unmap,0x16c
0xac08fc,_parse_dict,0x56c
0xac0e68,_check_type1_format,0x10c
0xac0f74,_t1_parse_font_matrix,0x158
0xac10cc,_parse_encoding,0x434
0xac1500,_parse_subrs,0x414
0xac1914,_parse_charstrings,0x6cc
0xac1fe0,_parse_private,0x10
0xac1ff0,_parse_blend_design_positions,0x1d0
0xac21c0,_parse_blend_design_map,0x220
0xac23e0,_parse_blend_axis_types,0x164
0xac2544,_parse_weight_vector,0x140
0xac2684,_parse_buildchar,0x38
0xac26bc,_t1_allocate_blend,0x28c
0xac2948,_T1_Parse_Glyph,0x80
0xac29c8,_T1_Parse_Glyph_And_Get_Char_String,0x158
0xac2b20,_t1_get_index,0xac
0xac2bcc,_compare_kern_pairs,0x20
0xac2bec,_T42_Driver_Init,0x48
0xac2c34,_T42_Driver_Done,0x4
0xac2c38,_T42_Get_Interface,0xc
0xac2c44,_T42_Face_Init,0xab4
0xac36f8,_T42_Face_Done,0x128
0xac3820,_T42_Size_Init,0x70
0xac3890,_T42_Size_Done,0x40
0xac38d0,_T42_GlyphSlot_Init,0x80
0xac3950,_T42_GlyphSlot_Done,0x8
0xac3958,_T42_GlyphSlot_Load,0x134
0xac3a8c,_T42_Size_Request,0x6c
0xac3af8,_T42_Size_Select,0x6c
0xac3b64,_t42_get_glyph_name,0x2c
0xac3b90,_t42_get_name_index,0x90
0xac3c20,_t42_get_ps_font_name,0x8
0xac3c28,_t42_ps_get_font_info,0x24
0xac3c4c,_t42_ps_get_font_extra,0x10
0xac3c5c,_t42_ps_has_glyph_names,0x8
0xac3c64,_t42_ps_get_font_private,0x94
0xac3cf8,_t42_parse_font_matrix,0x13c
0xac3e34,_t42_parse_encoding,0x434
0xac4268,_t42_parse_charstrings,0x4f4
0xac475c,_t42_parse_sfnts,0x40c
0xac4b68,_cid_driver_init,0x8
0xac4b70,_cid_driver_done,0x4
0xac4b74,_cid_get_interface,0xc
0xac4b80,_cid_face_init,0xfbc
0xac5b3c,_cid_face_done,0x16c
0xac5ca8,_cid_size_init,0xc4
0xac5d6c,_cid_size_done,0x68
0xac5dd4,_cid_slot_init,0x54
0xac5e28,_cid_slot_done,0xc
0xac5e34,_cid_slot_load_glyph,0x338
0xac616c,_cid_size_request,0x74
0xac61e0,_cid_get_postscript_name,0x24
0xac6204,_cid_ps_get_font_info,0x30
0xac6234,_cid_ps_get_font_extra,0x10
0xac6244,_cid_get_ros,0x2c
0xac6270,_cid_get_is_cid,0x14
0xac6284,_cid_get_cid_from_glyph_index,0x10
0xac6294,_parse_fd_array,0x14c
0xac63e0,_cid_parse_font_matrix,0x188
0xac6568,_parse_expansion_factor,0x54
0xac65bc,_cid_load_glyph,0x3fc
0xac69b8,_pcf_driver_requester,0xc
0xac69c4,_PCF_Face_Init,0x1b8
0xac6b7c,_PCF_Face_Done,0x154
0xac6cd0,_PCF_Glyph_Load,0x4c0
0xac7190,_PCF_Size_Request,0xd0
0xac7260,_PCF_Size_Select,0x50
0xac72b0,_pcf_get_charset_id,0x18
0xac72c8,_pcf_get_bdf_property,0xa8
0xac7370,_pcf_load_font,0x185c
0xac8bcc,_pcf_get_accel,0x1d8
0xac8da4,_pcf_cmap_init,0x18
0xac8dbc,_pcf_cmap_done,0x8
0xac8dc4,_pcf_cmap_char_index,0x54
0xac8e18,_pcf_cmap_char_next,0x90
0xac8ea8,_pfr_cmap_init,0x60
0xac8f08,_pfr_cmap_done,0xc
0xac8f14,_pfr_cmap_char_index,0x48
0xac8f5c,_pfr_cmap_char_next,0x90
0xac8fec,_pfr_get_service,0xc
0xac8ff8,_pfr_face_init,0xd50
0xac9d48,_pfr_face_done,0x100
0xac9e48,_pfr_slot_init,0x3c
0xac9e84,_pfr_slot_done,0x5c
0xac9ee0,_pfr_slot_load,0xad0
0xaca9b0,_pfr_get_kerning,0x60
0xacaa10,_pfr_get_metrics,0x9c
0xacaaac,_pfr_face_get_kerning,0x230
0xacacdc,_pfr_get_advance,0x40
0xacad1c,_pfr_aux_name_load,0x108
0xacae24,_pfr_extra_item_load_bitmap_info,0x22c
0xacb050,_pfr_extra_item_load_font_id,0xa4
0xacb0f4,_pfr_extra_item_load_stem_snaps,0x18c
0xacb280,_pfr_extra_item_load_kerning_pairs,0x188
0xacb408,_pfr_glyph_load_rec,0xd48
0xacc150,_bdf_driver_requester,0xc
0xacc15c,_BDF_Face_Init,0x10c4
0xacd220,_BDF_Face_Done,0x9c
0xacd2bc,_BDF_Glyph_Load,0x16c
0xacd428,_BDF_Size_Request,0xd0
0xacd4f8,_BDF_Size_Select,0x50
0xacd548,_bdf_get_charset_id,0x18
0xacd560,_bdf_get_bdf_property,0xdc
0xacd63c,__bdf_parse_start,0xd04
0xace340,_bdf_free_font,0x264
0xace5a4,__bdf_list_split,0x330
0xace8d4,__bdf_parse_properties,0x4c4
0xaced98,__ZL7sprintfPcU17pass_object_size1PKcz_0,0xa4
0xacee3c,__bdf_add_property,0x764
0xacf5a0,__bdf_parse_glyphs,0x10e0
0xad0680,_by_encoding,0x18
0xad0698,_bdf_cmap_init,0x20
0xad06b8,_bdf_cmap_done,0x8
0xad06c0,_bdf_cmap_char_index,0x58
0xad0718,_bdf_cmap_char_next,0x8c
0xad07a4,_winfnt_get_service,0xc
0xad07b0,_FNT_Face_Init,0xad0
0xad1280,_FNT_Face_Done,0x7c
0xad12fc,_FNT_Load_Glyph,0x23c
0xad1538,_FNT_Size_Request,0xd4
0xad160c,_FNT_Size_Select,0x5c
0xad1668,_winfnt_get_header,0x5c
0xad16c4,_fnt_font_load,0xc8
0xad178c,_fnt_cmap_init,0x28
0xad17b4,_fnt_cmap_char_index,0x14
0xad17c8,_fnt_cmap_char_next,0x38
0xad1800,_ps_table_new,0xf4
0xad18f4,_ps_table_done,0x194
0xad1a88,_ps_table_add,0x26c
0xad1cf4,_ps_table_release,0x68
0xad1d5c,_ps_parser_init,0x4c
0xad1da8,_ps_parser_done,0x4
0xad1dac,_ps_parser_skip_spaces,0x88
0xad1e34,_ps_parser_skip_PS_token,0x2f4
0xad2128,_ps_parser_to_int,0x2cc
0xad23f4,_ps_parser_to_fixed,0x90
0xad2484,_ps_parser_to_bytes,0x268
0xad26ec,_ps_parser_to_coord_array,0x22c
0xad2918,_ps_parser_to_fixed_array,0x98
0xad29b0,_ps_parser_to_token,0x314
0xad2cc4,_ps_parser_to_token_array,0x104
0xad2dc8,_ps_parser_load_field,0x9fc
0xad37c4,_ps_parser_load_field_table,0x1e8
0xad39ac,_t1_builder_init,0xb0
0xad3a5c,_t1_builder_done,0x24
0xad3a80,_t1_builder_check_points,0x34
0xad3ab4,_t1_builder_add_point,0x84
0xad3b38,_t1_builder_add_point1,0xb4
0xad3bec,_t1_builder_add_contour,0xa0
0xad3c8c,_t1_builder_start_point,0x13c
0xad3dc8,_t1_builder_close_contour,0xc4
0xad3e8c,_t1_decoder_init,0x144
0xad3fd0,_t1_decoder_done,0x24
0xad3ff4,_t1_decoder_parse_charstrings,0x16b4
0xad56a8,_afm_parser_init,0x94
0xad573c,_afm_parser_done,0x2c
0xad5768,_afm_parser_parse,0xb6c
0xad62d4,_t1_cmap_standard_init,0x30
0xad6304,_t1_cmap_std_done,0x10
0xad6314,_t1_cmap_std_char_index,0x90
0xad63a4,_t1_cmap_std_char_next,0xc0
0xad6464,_t1_cmap_expert_init,0x30
0xad6494,_t1_cmap_custom_init,0x28
0xad64bc,_t1_cmap_custom_done,0x8
0xad64c4,_t1_cmap_custom_char_index,0x30
0xad64f4,_t1_cmap_custom_char_next,0x50
0xad6544,_t1_cmap_unicode_init,0x28
0xad656c,_t1_cmap_unicode_done,0x34
0xad65a0,_t1_cmap_unicode_char_index,0x10
0xad65b0,_t1_cmap_unicode_char_next,0x10
0xad65c0,_skip_procedure,0x1f8
0xad67b8,_skip_literal_string,0x100
0xad68b8,_PS_Conv_ToFixed,0x76c
0xad7024,_ps_tofixedarray,0x1bc
0xad71e0,_t1_decrypt,0x58
0xad7238,_psaux_get_glyph_name,0xc
0xad7244,_afm_parser_read_vals,0x49c
0xad76e0,_afm_stream_read_one,0x94
0xad7774,_afm_stream_skip_spaces,0x74
0xad77e8,_afm_compare_kern_pairs,0x20
0xad7808,_FT_Stream_OpenGzip,0x290
0xad7a98,_ft_gzip_check_header,0x1a0
0xad7c38,_ft_gzip_file_io,0x1f4
0xad7e2c,_ft_gzip_stream_close,0x7c
0xad7ea8,_ft_gzip_stream_io,0x8
0xad7eb0,_FT_Gzip_Uncompress,0x25c
0xad810c,_ft_gzip_alloc,0x4c
0xad8158,_ft_gzip_free,0x4
0xad815c,_inflateInit2_,0x238
0xad8394,_inflate,0x1964
0xad9cf8,_inflateEnd,0xe4
0xad9ddc,_ft_gzip_file_fill_output,0x10c
0xad9ee8,_zcalloc,0x4c
0xad9f34,_zcfree,0x4
0xad9f38,_adler32,0x194
0xada0cc,_inflate_flush,0x14c
0xada218,_huft_build,0x618
0xada830,_FT_Stream_OpenLZW,0x214
0xadaa44,_ft_lzw_stream_io,0x1b0
0xadabf4,_ft_lzw_stream_close,0xc4
0xadacb8,_ft_lzwstate_reset,0x20
0xadacd8,_ft_lzwstate_init,0x64
0xadad3c,_ft_lzwstate_done,0x88
0xadadc4,_ft_lzwstate_io,0x50c
0xadb2d0,_ft_lzwstate_get_code,0x170
0xadb440,_FTC_Manager_LookupSize,0x140
0xadb580,_ftc_size_node_compare,0x9c
0xadb61c,_FTC_MruList_New,0x1bc
0xadb7d8,_FTC_Manager_LookupFace,0xb8
0xadb890,_ftc_face_node_compare,0x10
0xadb8a0,_FTC_Manager_New,0x13c
0xadb9dc,_FTC_Manager_Done,0x15c
0xadbb38,_FTC_Manager_Reset,0x134
0xadbc6c,_FTC_Manager_RemoveFaceID,0x2a0
0xadbf0c,_FTC_Node_Unref,0x28
0xadbf34,_FTC_CMapCache_New,0x10
0xadbf44,_FTC_Manager_RegisterCache,0x13c
0xadc080,_FTC_CMapCache_Lookup,0x2b0
0xadc330,_ftc_cmap_node_compare,0x48
0xadc378,_FTC_Cache_NewNode,0x288
0xadc600,_FTC_ImageCache_New,0x10
0xadc610,_FTC_ImageCache_Lookup,0x328
0xadc938,_ftc_basic_family_compare,0x90
0xadc9c8,_FTC_ImageCache_LookupScaler,0x380
0xadcd48,_FTC_SBitCache_New,0x10
0xadcd58,_FTC_SBitCache_Lookup,0x3ac
0xadd104,_FTC_SBitCache_LookupScaler,0x418
0xadd51c,_ftc_face_node_init,0x58
0xadd574,_ftc_face_node_done,0x140
0xadd6b4,_ftc_size_node_init,0x1c
0xadd6d0,_ftc_size_node_reset,0x4c
0xadd71c,_ftc_size_node_done,0x10
0xadd72c,_ftc_scaler_lookup_size,0x158
0xadd884,_ftc_node_destroy,0xf0
0xadd974,_ftc_cache_resize,0x1cc
0xaddb40,_ftc_cmap_node_new,0xbc
0xaddbfc,_ftc_cmap_node_weight,0x8
0xaddc04,_ftc_cmap_node_remove_faceid,0x18
0xaddc1c,_ftc_cmap_node_free,0x10
0xaddc2c,_ftc_cache_init,0x7c
0xaddca8,_ftc_cache_done,0x124
0xadddcc,_ftc_inode_new,0x174
0xaddf40,_ftc_inode_weight,0x70
0xaddfb0,_ftc_gnode_compare,0x34
0xaddfe4,_ftc_basic_gnode_compare_faceid,0xb8
0xade09c,_ftc_inode_free,0x50
0xade0ec,_ftc_gcache_init,0xa4
0xade190,_ftc_gcache_done,0x84
0xade214,_FTC_GNode_Done,0x98
0xade2ac,_ftc_basic_family_init,0x2c
0xade2d8,_ftc_basic_family_load_glyph,0xd8
0xade3b0,_ftc_snode_new,0x228
0xade5d8,_ftc_snode_weight,0x110
0xade6e8,_ftc_snode_compare,0x230
0xade918,_ftc_snode_free,0x6c
0xade984,_ftc_snode_load,0x224
0xadeba8,_ftc_basic_family_get_count,0xbc
0xadec64,_ftc_basic_family_load_bitmap,0x90
0xadecf4,_af_dummy_hints_init,0x30
0xaded24,_af_dummy_hints_apply,0x88
0xadedac,_af_latin_metrics_init,0xdd8
0xadfb84,_af_latin_metrics_scale,0x44
0xadfbc8,_af_latin_get_standard_widths,0x1c
0xadfbe4,_af_latin_hints_init,0x98
0xadfc7c,_af_latin_hints_apply,0xb90
0xae080c,_af_cjk_metrics_init,0x4f0
0xae0cfc,_af_cjk_metrics_scale,0x48
0xae0d44,_af_cjk_get_standard_widths,0x1c
0xae0d60,_af_cjk_hints_init,0x84
0xae0de4,_af_cjk_hints_apply,0x82c
0xae1610,_af_indic_metrics_init,0x78
0xae1688,_af_indic_metrics_scale,0x48
0xae16d0,_af_indic_get_standard_widths,0x1c
0xae16ec,_af_indic_hints_init,0x84
0xae1770,_af_indic_hints_apply,0x4
0xae1774,_af_shaper_get_coverage,0x8
0xae177c,_af_shaper_buf_create,0x50
0xae17cc,_af_shaper_buf_destroy,0x8
0xae17d4,_af_shaper_get_cluster,0x154
0xae1928,_af_shaper_get_elem,0x44
0xae196c,_af_autofitter_load_glyph,0x7ac
0xae2118,_af_autofitter_init,0x34
0xae214c,_af_autofitter_done,0x4
0xae2150,_af_get_interface,0xc
0xae215c,_af_glyph_hints_reload,0x75c
0xae28b8,_af_latin_hints_compute_segments,0x7e8
0xae30a0,_af_latin_hints_link_segments,0x1b0
0xae3250,_af_sort_and_quantize_widths,0x22c
0xae347c,_af_glyph_hints_done,0xf8
0xae3574,_af_latin_metrics_scale_dim,0x3d8
0xae394c,_af_latin_hints_detect_features,0x484
0xae3dd0,_af_warper_compute,0x5e0
0xae43b0,_af_glyph_hints_align_strong_points,0x240
0xae45f0,_af_glyph_hints_align_weak_points,0x49c
0xae4a8c,_af_axis_hints_new_edge,0x204
0xae4c90,_af_latin_compute_stem_width,0x278
0xae4f08,_af_iup_interp,0xf0
0xae4ff8,_af_cjk_metrics_init_widths,0x3ec
0xae53e4,_af_cjk_metrics_check_digits,0x124
0xae5508,_af_cjk_metrics_scale_dim,0x184
0xae568c,_af_cjk_hints_detect_features,0x808
0xae5e94,_af_cjk_hints_compute_blue_edges,0x194
0xae6028,_af_hint_normal_stem,0x1cc
0xae61f4,_af_cjk_compute_stem_width,0x1b8
0xae63ac,_af_face_globals_new,0x640
0xae69ec,_af_face_globals_free,0xac
0xae6a98,_af_loader_compute_darkening,0x1f0
0xae6c88,_af_property_set,0x478
0xae7100,_af_property_get,0x1f0
0xae72f0,_FT_Bitmap_Init,0x14
0xae7304,_FT_Bitmap_New,0x14
0xae7318,_FT_Bitmap_Copy,0x1b0
0xae74c8,_FT_Bitmap_Embolden,0x5c0
0xae7a88,_FT_Bitmap_Convert,0x5f0
0xae8078,_FT_Bitmap_Done,0x50
0xae80c8,_FT_GlyphSlot_Own_Bitmap,0xbc
0xae8184,_png_set_sig_bytes,0x30
0xae81b4,_png_sig_cmp,0x54
0xae8208,_png_zalloc,0x44
0xae824c,_png_zfree,0x4
0xae8250,_png_reset_crc,0x30
0xae8280,_png_calculate_crc,0x80
0xae8300,_png_user_version_check,0x12c
0xae842c,_png_create_png_struct,0x16c
0xae8598,_png_create_info_struct,0x54
0xae85ec,_png_destroy_info_struct,0x88
0xae8674,_png_free_data,0x3ec
0xae8a60,_png_info_init_3,0x7c
0xae8adc,_png_data_freer,0x4c
0xae8b28,_png_get_io_ptr,0xc
0xae8b34,_png_init_io,0xc
0xae8b40,_png_save_int_32,0x4
0xae8b44,_png_convert_to_rfc1123_buffer,0x250
0xae8d94,_png_convert_to_rfc1123,0x48
0xae8ddc,_png_get_copyright,0xc
0xae8de8,_png_get_libpng_ver,0xc
0xae8df4,_png_get_header_ver,0xc
0xae8e00,_png_get_header_version,0xc
0xae8e0c,_png_build_grayscale_palette,0xd8
0xae8ee4,_png_handle_as_unknown,0x54
0xae8f38,_png_chunk_unknown_handling,0x9c
0xae8fd4,_png_reset_zstream,0x14
0xae8fe8,_png_access_version_number,0x8
0xae8ff0,_png_zstream_error,0x3c
0xae902c,_png_colorspace_set_gamma,0x12c
0xae9158,_png_colorspace_sync_info,0xb4
0xae920c,_png_colorspace_sync,0x38
0xae9244,_png_colorspace_set_chromaticities,0x134
0xae9378,_png_colorspace_check_xy,0x78c
0xae9b04,_png_colorspace_set_endpoints,0x4dc
0xae9fe0,_png_colorspace_set_sRGB,0x1c0
0xaea1a0,_png_icc_profile_error,0x278
0xaea418,_png_colorspace_endpoints_match,0x110
0xaea528,_png_icc_check_length,0x58
0xaea580,_png_icc_check_header,0x3a8
0xaea928,_png_icc_check_tag_table,0x110
0xaeaa38,_png_icc_set_sRGB,0x1bc
0xaeabf4,_png_colorspace_set_ICC,0xbc
0xaeacb0,_png_colorspace_set_rgb_coefficients,0x1cc
0xaeae7c,_png_muldiv,0x78
0xaeaef4,_png_check_IHDR,0x248
0xaeb13c,_png_check_fp_number,0x124
0xaeb260,_png_check_fp_string,0x60
0xaeb2c0,_png_ascii_from_fp,0x65c
0xaeb91c,_png_ascii_from_fixed,0x214
0xaebb30,_png_fixed,0x54
0xaebb84,_png_muldiv_warn,0x84
0xaebc08,_png_reciprocal,0x44
0xaebc4c,_png_gamma_significant,0x1c
0xaebc68,_png_reciprocal2,0x60
0xaebcc8,_png_gamma_8bit_correct,0x5c
0xaebd24,_png_gamma_16bit_correct,0x60
0xaebd84,_png_gamma_correct,0xb8
0xaebe3c,_png_destroy_gamma_table,0x14c
0xaebf88,_png_build_gamma_table,0xa20
0xaec9a8,_png_build_16bit_table,0x294
0xaecc3c,_png_set_option,0x50
0xaecc8c,_png_image_free,0x48
0xaeccd4,_png_image_free_function,0xc8
0xaecd9c,_png_image_error,0x6c
0xaece08,_png_xy_from_XYZ,0x348
0xaed150,_png_get_valid,0x1c
0xaed16c,_png_get_rowbytes,0x18
0xaed184,_png_get_rows,0x18
0xaed19c,_png_get_image_width,0x18
0xaed1b4,_png_get_image_height,0x18
0xaed1cc,_png_get_bit_depth,0x18
0xaed1e4,_png_get_color_type,0x18
0xaed1fc,_png_get_filter_type,0x18
0xaed214,_png_get_interlace_type,0x18
0xaed22c,_png_get_compression_type,0x18
0xaed244,_png_get_x_pixels_per_meter,0x34
0xaed278,_png_get_y_pixels_per_meter,0x34
0xaed2ac,_png_get_pixels_per_meter,0x30
0xaed2dc,_png_get_pixel_aspect_ratio,0x30
0xaed30c,_png_get_pixel_aspect_ratio_fixed,0x88
0xaed394,_png_get_x_offset_microns,0x34
0xaed3c8,_png_get_y_offset_microns,0x34
0xaed3fc,_png_get_x_offset_pixels,0x38
0xaed434,_png_get_y_offset_pixels,0x38
0xaed46c,_png_get_pixels_per_inch,0x98
0xaed504,_png_get_x_pixels_per_inch,0x8c
0xaed590,_png_get_y_pixels_per_inch,0x8c
0xaed61c,_png_get_x_offset_inches_fixed,0x3c
0xaed658,_png_get_y_offset_inches_fixed,0x3c
0xaed694,_png_get_x_offset_inches,0x40
0xaed6d4,_png_get_y_offset_inches,0x40
0xaed714,_png_get_pHYs_dpi,0xb0
0xaed7c4,_png_get_channels,0x18
0xaed7dc,_png_get_signature,0x14
0xaed7f0,_png_get_bKGD,0x30
0xaed820,_png_get_cHRM,0x114
0xaed934,_png_get_cHRM_XYZ,0x134
0xaeda68,_png_get_cHRM_XYZ_fixed,0xa0
0xaedb08,_png_get_cHRM_fixed,0x90
0xaedb98,_png_get_gAMA_fixed,0x30
0xaedbc8,_png_get_gAMA,0x44
0xaedc0c,_png_get_sRGB,0x30
0xaedc3c,_png_get_iCCP,0x54
0xaedc90,_png_get_sPLT,0x24
0xaedcb4,_png_get_hIST,0x30
0xaedce4,_png_get_IHDR,0x98
0xaedd7c,_png_get_oFFs,0x48
0xaeddc4,_png_get_pCAL,0x7c
0xaede40,_png_get_sCAL_fixed,0x90
0xaeded0,_png_get_sCAL,0x70
0xaedf40,_png_get_sCAL_s,0x40
0xaedf80,_png_get_pHYs,0x60
0xaedfe0,_png_get_PLTE,0x38
0xaee018,_png_get_sBIT,0x30
0xaee048,_png_get_text,0x3c
0xaee084,_png_get_tIME,0x30
0xaee0b4,_png_get_tRNS,0x94
0xaee148,_png_get_unknown_chunks,0x24
0xaee16c,_png_get_rgb_to_gray_status,0xc
0xaee178,_png_get_user_chunk_ptr,0xc
0xaee184,_png_get_compression_buffer_size,0x20
0xaee1a4,_png_get_user_width_max,0xc
0xaee1b0,_png_get_user_height_max,0xc
0xaee1bc,_png_get_chunk_cache_max,0xc
0xaee1c8,_png_get_chunk_malloc_max,0xc
0xaee1d4,_png_get_io_state,0x8
0xaee1dc,_png_get_io_chunk_type,0x8
0xaee1e4,_png_get_palette_max,0x18
0xaee1fc,_png_set_bgr,0x14
0xaee210,_png_set_swap,0x20
0xaee230,_png_set_packing,0x28
0xaee258,_png_set_packswap,0x20
0xaee278,_png_set_shift,0x28
0xaee2a0,_png_set_interlace_handling,0x28
0xaee2c8,_png_set_filler,0x88
0xaee350,_png_set_add_alpha,0xc0
0xaee410,_png_set_swap_alpha,0x14
0xaee424,_png_set_invert_alpha,0x14
0xaee438,_png_set_invert_mono,0x14
0xaee44c,_png_do_invert,0xf0
0xaee53c,_png_do_swap,0x9c
0xaee5d8,_png_do_packswap,0x7c
0xaee654,_png_do_strip_channel,0x1e4
0xaee838,_png_do_bgr,0x19c
0xaee9d4,_png_do_check_palette_indexes,0x24c
0xaeec20,_png_set_user_transform_info,0x30
0xaeec50,_png_get_user_transform_ptr,0xc
0xaeec5c,_png_get_current_row_number,0x14
0xaeec70,_png_get_current_pass_number,0x14
0xaeec84,_png_save_uint_32,0xc
0xaeec90,_png_save_uint_16,0x10
0xaeeca0,_png_write_sig,0x90
0xaeed30,_png_write_chunk_start,0xdc
0xaeee0c,_png_write_chunk_data,0x60
0xaeee6c,_png_write_chunk_end,0x64
0xaeeed0,_png_write_chunk,0x154
0xaef024,_png_free_buffer_list,0x40
0xaef064,_png_write_IHDR,0x368
0xaef3cc,_png_write_PLTE,0x1c4
0xaef590,_png_compress_IDAT,0x4f8
0xaefa88,_png_deflate_claim,0x278
0xaefd00,_png_image_size,0x1c8
0xaefec8,_png_write_IEND,0xd0
0xaeff98,_png_write_gAMA_fixed,0xf0
0xaf0088,_png_write_sRGB,0x10c
0xaf0194,_png_write_iCCP,0x28c
0xaf0420,_png_text_compress,0x228
0xaf0648,_png_write_sPLT,0x2bc
0xaf0904,_png_write_sBIT,0x1b4
0xaf0ab8,_png_write_cHRM_fixed,0x154
0xaf0c0c,_png_write_tRNS,0x2d4
0xaf0ee0,_png_write_bKGD,0x294
0xaf1174,_png_write_hIST,0x15c
0xaf12d0,_png_write_tEXt,0x1b0
0xaf1480,_png_write_zTXt,0x25c
0xaf16dc,_png_write_iTXt,0x3b0
0xaf1a8c,_png_write_oFFs,0x138
0xaf1bc4,_png_write_pCAL,0x2f0
0xaf1eb4,_png_write_sCAL_s,0x194
0xaf2048,_png_write_pHYs,0x154
0xaf219c,_png_write_tIME,0x160
0xaf22fc,_png_write_start_row,0x158
0xaf2454,_png_write_finish_row,0x13c
0xaf2590,_png_do_write_interlace,0x2c8
0xaf2858,_png_write_find_filter,0xd38
0xaf3590,_png_create_read_struct,0x60
0xaf35f0,_png_create_read_struct_2,0x54
0xaf3644,_png_read_info,0x490
0xaf3ad4,_png_read_update_info,0x60
0xaf3b34,_png_start_read_image,0x20
0xaf3b54,_png_read_row,0x410
0xaf3f64,_png_read_rows,0xa0
0xaf4004,_png_read_image,0x104
0xaf4108,_png_read_end,0x58c
0xaf4694,_png_destroy_read_struct,0x138
0xaf47cc,_png_set_read_status_fn,0xc
0xaf47d8,_png_read_png,0x258
0xaf4a30,_png_image_begin_read_from_stdio,0x90
0xaf4ac0,_png_image_read_init,0x154
0xaf4c14,_png_image_read_header,0xe8
0xaf4cfc,_png_image_begin_read_from_file,0xd0
0xaf4dcc,_png_image_begin_read_from_memory,0xb4
0xaf4e80,_png_image_memory_read,0x7c
0xaf4efc,_png_image_finish_read,0x1cc
0xaf50c8,_png_image_read_colormap,0x12ec
0xaf63b4,_png_image_read_colormapped,0x278
0xaf662c,_png_image_read_direct,0x520
0xaf6b4c,_png_create_colormap_entry,0x57c
0xaf70c8,_make_ga_colormap,0x16c
0xaf7234,_make_rgb_colormap,0x134
0xaf7368,_decode_gamma,0x124
0xaf748c,_png_image_read_and_map,0x3a8
0xaf7834,_png_image_read_composite,0x284
0xaf7ab8,_png_image_read_background,0x614
0xaf80cc,_png_read_data,0x24
0xaf80f0,_png_default_read_data,0x50
0xaf8140,_png_set_read_fn,0x54
0xaf8194,_png_write_data,0x24
0xaf81b8,_png_default_write_data,0x50
0xaf8208,_png_flush,0x10
0xaf8218,_png_default_flush,0x10
0xaf8228,_png_set_write_fn,0x4c
0xaf8274,_png_write_info_before_PLTE,0x150
0xaf83c4,_write_unknown_chunks,0xd0
0xaf8494,_png_write_info,0x2e0
0xaf8774,_png_write_end,0x180
0xaf88f4,_png_convert_from_struct_tm,0x3c
0xaf8930,_png_convert_from_time_t,0x88
0xaf89b8,_png_create_write_struct,0x78
0xaf8a30,_png_create_write_struct_2,0x6c
0xaf8a9c,_png_write_rows,0x48
0xaf8ae4,_png_write_row,0x380
0xaf8e64,_png_write_image,0x84
0xaf8ee8,_png_set_flush,0x10
0xaf8ef8,_png_write_flush,0x58
0xaf8f50,_png_destroy_write_struct,0xb4
0xaf9004,_png_set_filter,0x1b0
0xaf91b8,_png_set_filter_heuristics_fixed,0x4
0xaf91bc,_png_set_compression_level,0xc
0xaf91c8,_png_set_compression_mem_level,0xc
0xaf91d4,_png_set_compression_strategy,0x18
0xaf91ec,_png_set_compression_window_bits,0x5c
0xaf9248,_png_set_compression_method,0x40
0xaf9288,_png_set_text_compression_level,0xc
0xaf9294,_png_set_text_compression_mem_level,0xc
0xaf92a0,_png_set_text_compression_strategy,0xc
0xaf92ac,_png_set_text_compression_window_bits,0x5c
0xaf9308,_png_set_text_compression_method,0x40
0xaf9348,_png_set_write_status_fn,0xc
0xaf9354,_png_set_write_user_transform_fn,0x18
0xaf936c,_png_write_png,0x1b4
0xaf9520,_png_image_write_to_memory,0x140
0xaf9660,_png_image_write_init,0x13c
0xaf979c,_png_image_write_memory,0x44
0xaf97e0,_png_image_write_to_stdio,0x120
0xaf9900,_png_image_write_main,0x900
0xafa200,_png_image_write_to_file,0x1c4
0xafa3c4,_image_memory_write,0x5c
0xafa420,_image_memory_flush,0x4
0xafa424,_png_write_image_16bit,0x174
0xafa598,_png_write_image_8bit,0x268
0xafa800,_png_set_crc_action,0xdc
0xafa8dc,_png_set_background_fixed,0x9c
0xafa978,_png_set_background,0xf4
0xafaa6c,_png_set_scale_16,0x30
0xafaa9c,_png_set_strip_16,0x30
0xafaacc,_png_set_strip_alpha,0x30
0xafaafc,_png_set_alpha_mode_fixed,0x1e8
0xaface4,_png_set_alpha_mode,0x78
0xafad5c,_png_set_quantize,0x904
0xafb660,_png_set_gamma_fixed,0x128
0xafb788,_png_set_gamma,0xd8
0xafb860,_png_set_expand,0x38
0xafb898,_png_set_palette_to_rgb,0x38
0xafb8d0,_png_set_expand_gray_1_2_4_to_8,0x30
0xafb900,_png_set_tRNS_to_alpha,0x38
0xafb938,_png_set_expand_16,0x38
0xafb970,_png_set_gray_to_rgb,0x34
0xafb9a4,_png_set_rgb_to_gray_fixed,0x134
0xafbad8,_png_set_rgb_to_gray,0x68
0xafbb40,_png_set_read_user_transform_fn,0x14
0xafbb54,_png_init_read_transformations,0xbd0
0xafc724,_png_read_transform_info,0x22c
0xafc950,_png_do_read_transformations,0x27a0
0xaff0f0,_png_do_expand,0x444
0xaff534,_png_do_gray_to_rgb,0x1d0
0xaff704,_png_do_write_transformations,0x99c
0xb000a0,_png_destroy_png_struct,0x98
0xb00138,_png_free,0x20
0xb00158,_png_calloc,0x88
0xb001e0,_png_malloc,0x54
0xb00234,_png_malloc_base,0x24
0xb00258,_png_malloc_array,0x68
0xb002c0,_png_realloc_array,0x104
0xb003c4,_png_malloc_default,0x40
0xb00404,_png_malloc_warn,0x5c
0xb00460,_png_free_default,0x14
0xb00474,_png_set_mem_fn,0x14
0xb00488,_png_get_mem_ptr,0xc
0xb00494,_png_error,0x38
0xb004cc,_png_default_error,0x54
0xb00520,_png_safecat,0x4c
0xb0056c,_png_format_number,0x120
0xb0068c,_png_warning,0x1f8
0xb00884,_png_warning_parameter,0x60
0xb008e4,_png_warning_parameter_unsigned,0x1b8
0xb00a9c,_png_warning_parameter_signed,0x1e4
0xb00c80,_png_formatted_warning,0x13c
0xb00dbc,_png_benign_error,0xa8
0xb00e64,_png_chunk_warning,0x8c
0xb00ef0,_png_chunk_error,0x38
0xb00f28,_png_app_warning,0x1c
0xb00f44,_png_app_error,0x1c
0xb00f60,_png_format_buffer,0x1bc
0xb0111c,_png_chunk_benign_error,0x74
0xb01190,_png_chunk_report,0xb4
0xb01244,_png_fixed_error,0x68
0xb012ac,_png_set_longjmp_fn,0xbc
0xb01368,_png_free_jmpbuf,0xa4
0xb0140c,_png_longjmp,0x24
0xb01430,_png_set_error_fn,0x10
0xb01440,_png_get_error_ptr,0xc
0xb0144c,_png_safe_error,0xe8
0xb01534,_png_safe_warning,0x64
0xb01598,_png_safe_execute,0xc8
0xb01660,_png_set_bKGD,0x2c
0xb0168c,_png_set_cHRM_fixed,0x9c
0xb01728,_png_set_cHRM_XYZ_fixed,0xa4
0xb017cc,_png_set_cHRM,0x1a0
0xb0196c,_png_set_cHRM_XYZ,0x1c4
0xb01b30,_png_set_gAMA_fixed,0x44
0xb01b74,_png_set_gAMA,0x58
0xb01bcc,_png_set_hIST,0x10c
0xb01cd8,_png_set_IHDR,0xd0
0xb01da8,_png_set_oFFs,0x20
0xb01dc8,_png_set_pCAL,0x288
0xb02050,_png_set_sCAL_s,0x18c
0xb021dc,_png_set_sCAL,0xd4
0xb022b0,_png_set_sCAL_fixed,0xcc
0xb0237c,_png_set_pHYs,0x20
0xb0239c,_png_set_PLTE,0x124
0xb024c0,_png_set_sBIT,0x2c
0xb024ec,_png_set_sRGB,0x44
0xb02530,_png_set_sRGB_gAMA_and_cHRM,0x54
0xb02584,_png_set_iCCP,0x164
0xb026e8,_png_set_text,0x34
0xb0271c,_png_set_text_2,0x328
0xb02a44,_png_set_tIME,0x7c
0xb02ac0,_png_set_tRNS,0x13c
0xb02bfc,_png_set_sPLT,0x1a4
0xb02da0,_png_set_unknown_chunks,0x1a0
0xb02f40,_png_set_unknown_chunk_location,0xe8
0xb03028,_png_permit_mng_features,0x18
0xb03040,_png_set_keep_unknown_chunks,0x208
0xb03248,_png_set_read_user_chunk_fn,0x10
0xb03258,_png_set_rows,0x5c
0xb032b4,_png_set_compression_buffer_size,0xa4
0xb03358,_png_set_invalid,0x18
0xb03370,_png_set_user_limits,0x10
0xb03380,_png_set_chunk_cache_max,0xc
0xb0338c,_png_set_chunk_malloc_max,0xc
0xb03398,_png_set_benign_errors,0x1c
0xb033b4,_png_set_check_for_invalid_index,0x10
0xb033c4,_png_check_keyword,0x168
0xb0352c,_png_get_uint_31,0x2c
0xb03558,_png_get_uint_32,0xc
0xb03564,_png_get_int_32,0x34
0xb03598,_png_get_uint_16,0x10
0xb035a8,_png_read_sig,0xc4
0xb0366c,_png_read_chunk_header,0x138
0xb037a4,_png_check_chunk_name,0x88
0xb0382c,_png_crc_read,0x48
0xb03874,_png_crc_finish,0x144
0xb039b8,_png_crc_error,0xb4
0xb03a6c,_png_zlib_inflate,0x40
0xb03aac,_png_handle_IHDR,0x198
0xb03c44,_png_handle_PLTE,0x254
0xb03e98,_png_handle_IEND,0x70
0xb03f08,_png_handle_gAMA,0x108
0xb04010,_png_handle_sBIT,0x1dc
0xb041ec,_png_handle_cHRM,0x2b0
0xb0449c,_png_handle_sRGB,0x128
0xb045c4,_png_handle_iCCP,0x504
0xb04ac8,_png_inflate_claim,0x110
0xb04bd8,_png_inflate_read,0x1a0
0xb04d78,_png_handle_sPLT,0x2ec
0xb05064,_png_handle_tRNS,0x220
0xb05284,_png_handle_bKGD,0x1f8
0xb0547c,_png_handle_hIST,0x150
0xb055cc,_png_handle_pHYs,0x11c
0xb056e8,_png_handle_oFFs,0x170
0xb05858,_png_handle_pCAL,0x30c
0xb05b64,_png_handle_sCAL,0x270
0xb05dd4,_png_handle_tIME,0x120
0xb05ef4,_png_handle_tEXt,0x1d0
0xb060c4,_png_handle_zTXt,0x240
0xb06304,_png_decompress_chunk,0x3d8
0xb066dc,_png_handle_iTXt,0x308
0xb069e4,_png_handle_unknown,0x1b4
0xb06b98,_png_cache_unknown_chunk,0x11c
0xb06cb4,_png_combine_row,0x600
0xb072b4,_png_do_read_interlace,0x3cc
0xb07680,_png_read_filter_row,0xd0
0xb07750,_png_read_IDAT_data,0x26c
0xb079bc,_png_read_finish_IDAT,0x88
0xb07a44,_png_read_finish_row,0x15c
0xb07ba0,_png_read_start_row,0x358
0xb07ef8,_png_read_filter_row_sub,0xa4
0xb07f9c,_png_read_filter_row_up,0x98
0xb08034,_png_read_filter_row_avg,0x1ac
0xb081e0,_png_read_filter_row_paeth_1byte_pixel,0x7c
0xb0825c,_png_read_filter_row_paeth_multibyte_pixel,0x2cc
0xb08528,_png_init_filter_functions_neon,0x68
0xb08590,_png_read_filter_row_up_neon,0x2c
0xb085bc,_png_read_filter_row_sub3_neon,0x64
0xb08620,_png_read_filter_row_sub4_neon,0x38
0xb08658,_png_read_filter_row_avg3_neon,0x88
0xb086e0,_png_read_filter_row_avg4_neon,0x50
0xb08730,_png_read_filter_row_paeth3_neon,0x16c
0xb0889c,_png_read_filter_row_paeth4_neon,0x138
0xb089d4,_ZSTD_compressBound,0x20
0xb089f4,_ZSTD_createCCtx,0xa4
0xb08a98,_ZSTD_createCCtx_advanced,0x100
0xb08b98,_ZSTD_initStaticCCtx,0x15c
0xb08cf4,_ZSTD_freeCCtx,0xec
0xb08de0,_ZSTD_sizeof_CCtx,0x90
0xb08e70,_ZSTD_sizeof_CStream,0x90
0xb08f00,_ZSTD_getSeqStore,0x8
0xb08f08,_ZSTD_createCCtxParams,0x88
0xb08f90,_ZSTD_freeCCtxParams,0x60
0xb08ff0,_ZSTD_CCtxParams_reset,0x44
0xb09034,_ZSTD_CCtxParams_init,0x40
0xb09074,_ZSTD_CCtxParams_init_advanced,0xd0
0xb09144,_ZSTD_checkCParams,0xb4
0xb091f8,_ZSTD_cParam_getBounds,0x18c
0xb09384,_ZSTD_minCLevel,0x8
0xb0938c,_ZSTD_maxCLevel,0x8
0xb09394,_ZSTD_CCtx_setParameter,0xd0
0xb09464,_ZSTD_CCtxParams_setParameter,0x3f4
0xb09858,_ZSTD_CCtx_getParameter,0x8
0xb09860,_ZSTD_CCtxParams_getParameter,0x190
0xb099f0,_ZSTD_CCtx_setParametersUsingCCtxParams,0x64
0xb09a54,_ZSTD_CCtx_setPledgedSrcSize,0x24
0xb09a78,_ZSTD_CCtx_loadDictionary_advanced,0xe8
0xb09b60,_ZSTD_clearAllDicts,0x11c
0xb09c7c,_ZSTD_CCtx_loadDictionary_byReference,0x5c
0xb09cd8,_ZSTD_CCtx_loadDictionary,0xd0
0xb09da8,_ZSTD_CCtx_refCDict,0x3c
0xb09de4,_ZSTD_CCtx_refThreadPool,0x20
0xb09e04,_ZSTD_CCtx_refPrefix,0x60
0xb09e64,_ZSTD_CCtx_refPrefix_advanced,0x60
0xb09ec4,_ZSTD_CCtx_reset,0x8c
0xb09f50,_ZSTD_cycleLog,0x10
0xb09f60,_ZSTD_adjustCParams,0x1d0
0xb0a130,_ZSTD_getCParamsFromCCtxParams,0x1cc
0xb0a2fc,_ZSTD_getCParams_internal,0x19c
0xb0a498,_ZSTD_estimateCCtxSize_usingCCtxParams,0x194
0xb0a62c,_ZSTD_estimateCCtxSize_usingCCtxParams_internal,0x1ac
0xb0a7d8,_ZSTD_estimateCCtxSize_usingCParams,0xc4
0xb0a89c,_ZSTD_estimateCCtxSize,0x134
0xb0a9d0,_ZSTD_estimateCStreamSize_usingCCtxParams,0xd0
0xb0aaa0,_ZSTD_estimateCStreamSize_usingCParams,0x158
0xb0abf8,_ZSTD_estimateCStreamSize,0x9c
0xb0ac94,_ZSTD_getFrameProgression,0x44
0xb0acd8,_ZSTD_toFlushNow,0x1c
0xb0acf4,_ZSTD_reset_compressedBlockState,0x30
0xb0ad24,_ZSTD_invalidateRepCodes,0x14
0xb0ad38,_ZSTD_copyCCtx,0x1f4
0xb0af2c,_ZSTD_seqToCodes,0xe4
0xb0b010,_ZSTD_selectBlockCompressor,0x18
0xb0b028,_ZSTD_resetSeqStore,0x18
0xb0b040,_ZSTD_generateSequences,0x114
0xb0b154,_ZSTD_compress2,0x9c
0xb0b1f0,_ZSTD_mergeBlockDelimiters,0x64
0xb0b254,_ZSTD_writeLastEmptyBlock,0x24
0xb0b278,_ZSTD_referenceExternalSequences,0x44
0xb0b2bc,_ZSTD_compressContinue,0xc
0xb0b2c8,_ZSTD_compressContinue_internal,0x57c
0xb0b844,_ZSTD_getBlockSize,0x1c
0xb0b860,_ZSTD_compressBlock,0x34
0xb0b894,_ZSTD_loadCEntropy,0x430
0xb0bcc4,_ZSTD_compressBegin_advanced_internal,0x94
0xb0bd58,_ZSTD_compressBegin_internal,0x488
0xb0c1e0,_ZSTD_compressBegin_advanced,0x258
0xb0c438,_ZSTD_compressBegin_usingDict,0x204
0xb0c63c,_ZSTD_compressBegin,0x114
0xb0c750,_ZSTD_compressEnd,0x178
0xb0c8c8,_ZSTD_compress_advanced,0x128
0xb0c9f0,_ZSTD_compress_advanced_internal,0x1bc
0xb0cbac,_ZSTD_compress_usingDict,0x12c
0xb0ccd8,_ZSTD_compressCCtx,0x144
0xb0ce1c,_ZSTD_compress,0x1ec
0xb0d008,_ZSTD_estimateCDictSize_advanced,0x50
0xb0d058,_ZSTD_estimateCDictSize,0x90
0xb0d0e8,_ZSTD_sizeof_CDict,0x20
0xb0d108,_ZSTD_createCDict_advanced,0x9c
0xb0d1a4,_ZSTD_createCDict_advanced2,0x3b8
0xb0d55c,_ZSTD_initCDict_internal,0x1b0
0xb0d70c,_ZSTD_freeCDict,0xec
0xb0d7f8,_ZSTD_createCDict,0xe4
0xb0d8dc,_ZSTD_createCDict_byReference,0xe4
0xb0d9c0,_ZSTD_initStaticCDict,0x164
0xb0db24,_ZSTD_getCParamsFromCDict,0x18
0xb0db3c,_ZSTD_getDictID_fromCDict,0xc
0xb0db48,_ZSTD_compressBegin_usingCDict_advanced,0x1a4
0xb0dcec,_ZSTD_getCParams,0x10
0xb0dcfc,_ZSTD_compressBegin_usingCDict,0x118
0xb0de14,_ZSTD_compress_usingCDict_advanced,0x7c
0xb0de90,_ZSTD_compress_usingCDict,0x7c
0xb0df0c,_ZSTD_createCStream,0xa4
0xb0dfb0,_ZSTD_createCStream_advanced,0xec
0xb0e09c,_ZSTD_initStaticCStream,0x114
0xb0e1b0,_ZSTD_freeCStream,0xec
0xb0e29c,_ZSTD_CStreamInSize,0x8
0xb0e2a4,_ZSTD_CStreamOutSize,0xc
0xb0e2b0,_ZSTD_resetCStream,0x18
0xb0e2c8,_ZSTD_initCStream_internal,0x11c
0xb0e3e4,_ZSTD_initCStream_usingCDict_advanced,0x40
0xb0e424,_ZSTD_initCStream_usingCDict,0x34
0xb0e458,_ZSTD_initCStream_advanced,0x1f4
0xb0e64c,_ZSTD_initCStream_usingDict,0x108
0xb0e754,_ZSTD_initCStream_srcSize,0xa8
0xb0e7fc,_ZSTD_initCStream,0x80
0xb0e87c,_ZSTD_compressStream,0x5c
0xb0e8d8,_ZSTD_compressStream2,0x664
0xb0ef3c,_ZSTD_CCtx_init_compressStream2,0x398
0xb0f2d4,_ZSTD_compressStream2_simpleArgs,0x88
0xb0f35c,_ZSTD_compressSequences,0x3a0
0xb0f6fc,_ZSTD_writeFrameHeader,0x194
0xb0f890,_ZSTD_flushStream,0x54
0xb0f8e4,_ZSTD_endStream,0x94
0xb0f978,_ZSTD_getParams,0x38
0xb0f9b0,_ZSTD_resetCCtx_internal,0x964
0xb10314,_ZSTD_reset_matchState,0x3f4
0xb10708,_ZSTD_overflowCorrectIfNeeded,0x344
0xb10a4c,_ZSTD_compressBlock_internal,0x174
0xb10bc0,_ZSTD_reduceTable,0x68
0xb10c28,_ZSTD_buildSeqStore,0x224
0xb10e4c,_ZSTD_isRLE,0x174
0xb10fc0,_ZSTD_copyBlockSequences,0x214
0xb111d4,_ZSTD_entropyCompressSequences,0x6d4
0xb118a8,_ZSTD_compress_insertDictionary,0x13c
0xb119e4,_ZSTD_loadDictionaryContent,0x298
0xb11c7c,_ZSTD_copySequencesToSeqStoreExplicitBlockDelim,0x444
0xb120c0,_ZSTD_copySequencesToSeqStoreNoBlockDelim,0x4f8
0xb125b8,_ZSTD_noCompressLiterals,0x94
0xb1264c,_ZSTD_compressRleLiteralsBlock,0x6c
0xb126b8,_ZSTD_compressLiterals,0x3c8
0xb12a80,_ZSTD_fseBitCost,0xa8
0xb12b28,_ZSTD_crossEntropyCost,0x54
0xb12b7c,_ZSTD_selectEncodingType,0x2c8
0xb12e44,_ZSTD_buildCTable,0x1d8
0xb1301c,_ZSTD_encodeSequences,0x56c
0xb13588,_ZSTD_compressSuperBlock,0x12cc
0xb14854,_ZSTD_fillDoubleHashTable,0x158
0xb149ac,_ZSTD_compressBlock_doubleFast,0x2ed0
0xb1787c,_ZSTD_compressBlock_doubleFast_dictMatchState,0x5814
0xb1d090,_ZSTD_compressBlock_doubleFast_extDict,0x18
0xb1d0a8,_ZSTD_compressBlock_doubleFast_extDict_generic,0x22d8
0xb1f380,_ZSTD_fillHashTable,0x200
0xb1f580,_ZSTD_compressBlock_fast,0x19ec
0xb20f6c,_ZSTD_compressBlock_fast_dictMatchState,0x3c60
0xb24bcc,_ZSTD_compressBlock_fast_extDict,0x18
0xb24be4,_ZSTD_compressBlock_fast_extDict_generic,0x15fc
0xb261e0,_ZSTD_insertAndFindFirstIndex,0x1bc
0xb2639c,_ZSTD_dedicatedDictSearch_lazy_loadDictionary,0x338
0xb266d4,_ZSTD_compressBlock_btlazy2,0xf30
0xb27604,_ZSTD_compressBlock_lazy2,0x1d0c
0xb29310,_ZSTD_compressBlock_lazy,0x1544
0xb2a854,_ZSTD_compressBlock_greedy,0xc70
0xb2b4c4,_ZSTD_compressBlock_btlazy2_dictMatchState,0x143c
0xb2c900,_ZSTD_compressBlock_lazy2_dictMatchState,0x3d7c
0xb3067c,_ZSTD_compressBlock_lazy_dictMatchState,0x2cb8
0xb33334,_ZSTD_compressBlock_greedy_dictMatchState,0x1874
0xb34ba8,_ZSTD_compressBlock_lazy2_dedicatedDictSearch,0x55f0
0xb3a198,_ZSTD_compressBlock_lazy_dedicatedDictSearch,0x3dec
0xb3df84,_ZSTD_compressBlock_greedy_dedicatedDictSearch,0x20d4
0xb40058,_ZSTD_compressBlock_greedy_extDict,0x1678
0xb416d0,_ZSTD_compressBlock_lazy_extDict,0x294c
0xb4401c,_ZSTD_compressBlock_lazy2_extDict,0x3904
0xb47920,_ZSTD_compressBlock_btlazy2_extDict,0x14c8
0xb48de8,_ZSTD_DUBT_findBestMatch,0x11f8
0xb49fe0,_ZSTD_ldm_adjustParameters,0x88
0xb4a068,_ZSTD_ldm_getTableSize,0x34
0xb4a09c,_ZSTD_ldm_getMaxNbSeq,0x1c
0xb4a0b8,_ZSTD_ldm_fillHashTable,0x11c
0xb4a1d4,_ZSTD_ldm_generateSequences,0xb68
0xb4ad3c,_ZSTD_ldm_skipSequences,0xa0
0xb4addc,_ZSTD_ldm_skipRawSeqStoreBytes,0x6c
0xb4ae48,_ZSTD_ldm_blockCompress,0x564
0xb4b3ac,_ZSTD_updateTree,0x378
0xb4b724,_ZSTD_compressBlock_btopt,0x44fc
0xb4fc20,_ZSTD_compressBlock_btultra,0x46a0
0xb542c0,_ZSTD_compressBlock_btultra2,0x46f8
0xb589b8,_ZSTD_initStats_ultra,0x4920
0xb5d2d8,_ZSTD_compressBlock_btopt_dictMatchState,0x80ac
0xb65384,_ZSTD_compressBlock_btultra_dictMatchState,0x82cc
0xb6d650,_ZSTD_compressBlock_btopt_extDict,0x7e84
0xb754d4,_ZSTD_compressBlock_btultra_extDict,0x7f04
0xb7d3d8,_ZSTD_opt_getNextMatchAndUpdateSeqStore,0x178
0xb7d550,_ZSTD_optLdm_processMatchCandidate,0x13c
0xb7d68c,_ZSTDMT_createCCtx_advanced,0x2ec
0xb7d978,_ZSTDMT_freeCCtx,0x3dc
0xb7dd54,_ZSTDMT_sizeof_CCtx,0x234
0xb7df88,_ZSTDMT_updateCParams_whileCompressing,0x88
0xb7e010,_ZSTDMT_getFrameProgression,0x124
0xb7e134,_ZSTDMT_toFlushNow,0x98
0xb7e1cc,_ZSTDMT_initCStream_internal,0xae4
0xb7ecb0,_ZSTDMT_waitForAllJobsCompleted,0xb0
0xb7ed60,_ZSTDMT_nextInputSizeHint,0x14
0xb7ed74,_ZSTDMT_compressStream_generic,0xa38
0xb7f7ac,_ZSTDMT_createJobsTable,0x13c
0xb7f8e8,_ZSTDMT_createCCtxPool,0x144
0xb7fa2c,_ZSTDMT_expandBufferPool,0x188
0xb7fbb4,_ZSTDMT_waitForLdmComplete,0xe4
0xb7fc98,_ZSTDMT_compressionJob,0x6cc
0xb80364,_ZSTDMT_getBuffer,0xf8
0xb8045c,_ZSTD_sizeof_DCtx,0x44
0xb804a0,_ZSTD_estimateDCtxSize,0xc
0xb804ac,_ZSTD_initStaticDCtx,0xbc
0xb80568,_ZSTD_createDCtx_advanced,0x128
0xb80690,_ZSTD_createDCtx,0xf4
0xb80784,_ZSTD_freeDCtx,0xc4
0xb80848,_ZSTD_copyDCtx,0x8
0xb80850,_ZSTD_isFrame,0x40
0xb80890,_ZSTD_frameHeaderSize,0x58
0xb808e8,_ZSTD_getFrameHeader_advanced,0x218
0xb80b00,_ZSTD_getFrameHeader,0x8
0xb80b08,_ZSTD_getFrameContentSize,0x78
0xb80b80,_ZSTD_findDecompressedSize,0x130
0xb80cb0,_ZSTD_findFrameCompressedSize,0x4
0xb80cb4,_ZSTD_getDecompressedSize,0x74
0xb80d28,_ZSTD_findFrameSizeInfo,0x14c
0xb80e74,_ZSTD_decompressBound,0x70
0xb80ee4,_ZSTD_insertBlock,0x3c
0xb80f20,_ZSTD_decompress_usingDict,0x8
0xb80f28,_ZSTD_decompressMultiFrame,0x5cc
0xb814f4,_ZSTD_decompressDCtx,0x9c
0xb81590,_ZSTD_decompress_usingDDict,0x10
0xb815a0,_ZSTD_decompress,0x1d0
0xb81770,_ZSTD_nextSrcSizeToDecompress,0x8
0xb81778,_ZSTD_nextInputType,0x2c
0xb817a4,_ZSTD_decompressContinue,0x568
0xb81d0c,_ZSTD_loadDEntropy,0x278
0xb81f84,_ZSTD_decompressBegin,0x98
0xb8201c,_ZSTD_decompressBegin_usingDict,0x164
0xb82180,_ZSTD_decompressBegin_usingDDict,0xfc
0xb8227c,_ZSTD_getDictID_fromDict,0x34
0xb822b0,_ZSTD_getDictID_fromFrame,0x6c
0xb8231c,_ZSTD_createDStream,0xf4
0xb82410,_ZSTD_createDStream_advanced,0x124
0xb82534,_ZSTD_initStaticDStream,0xbc
0xb825f0,_ZSTD_freeDStream,0xc4
0xb826b4,_ZSTD_DStreamInSize,0xc
0xb826c0,_ZSTD_DStreamOutSize,0x8
0xb826c8,_ZSTD_DCtx_loadDictionary_advanced,0xf8
0xb827c0,_ZSTD_DCtx_loadDictionary_byReference,0xe8
0xb828a8,_ZSTD_DCtx_loadDictionary,0xe8
0xb82990,_ZSTD_DCtx_refPrefix_advanced,0xec
0xb82a7c,_ZSTD_DCtx_refPrefix,0xe8
0xb82b64,_ZSTD_initDStream_usingDict,0xec
0xb82c50,_ZSTD_DCtx_reset,0x9c
0xb82cec,_ZSTD_initDStream,0x5c
0xb82d48,_ZSTD_initDStream_usingDDict,0x74
0xb82dbc,_ZSTD_DCtx_refDDict,0x68
0xb82e24,_ZSTD_resetDStream,0x28
0xb82e4c,_ZSTD_DCtx_setMaxWindowSize,0x3c
0xb82e88,_ZSTD_dParam_getBounds,0x54
0xb82edc,_ZSTD_DCtx_setFormat,0x38
0xb82f14,_ZSTD_DCtx_setParameter,0xd4
0xb82fe8,_ZSTD_DCtx_getParameter,0x68
0xb83050,_ZSTD_sizeof_DStream,0x44
0xb83094,_ZSTD_decodingBufferSize_min,0x20
0xb830b4,_ZSTD_estimateDStreamSize,0x20
0xb830d4,_ZSTD_estimateDStreamSize_fromFrame,0x9c
0xb83170,_ZSTD_decompressStream,0xb08
0xb83c78,_ZSTD_decompressStream_simpleArgs,0x84
0xb83cfc,_ZSTD_getcBlockSize,0x50
0xb83d4c,_ZSTD_decodeLiteralsBlock,0x320
0xb8406c,_ZSTD_buildFSETable,0x260
0xb842cc,_ZSTD_decodeSeqHeaders,0x23c
0xb84508,_ZSTD_buildSeqTable,0x1a0
0xb846a8,_ZSTD_decompressBlock_internal,0x1b40
0xb861e8,_ZSTD_checkContinuity,0x2c
0xb86214,_ZSTD_decompressBlock,0x60
0xb86274,_ZSTD_execSequenceEnd,0x5cc
0xb86840,_FSE_versionNumber,0x8
0xb86848,_FSE_isError,0xc
0xb86854,_FSE_getErrorName,0xc
0xb86860,_HUF_isError,0xc
0xb8686c,_HUF_getErrorName,0xc
0xb86878,_FSE_readNCount_bmi2,0x308
0xb86b80,_FSE_readNCount,0x4
0xb86b84,_HUF_readStats,0x5c
0xb86be0,_HUF_readStats_wksp,0x1e0
0xb86dc0,_ERR_getErrorString,0x170
0xb86f30,_FSE_createDTable,0x1c
0xb86f4c,_FSE_freeDTable,0x4
0xb86f50,_FSE_buildDTable_wksp,0x4
0xb86f54,_FSE_buildDTable_internal,0x2cc
0xb87220,_FSE_buildDTable_rle,0x18
0xb87238,_FSE_buildDTable_raw,0x44
0xb8727c,_FSE_decompress_usingDTable,0x828
0xb87aa4,_FSE_decompress_wksp,0x4
0xb87aa8,_FSE_decompress_wksp_bmi2,0x8ec
0xb88394,_FSE_buildDTable,0x60
0xb883f4,_FSE_decompress,0x64
0xb88458,_ZSTD_createThreadPool,0x54
0xb884ac,_POOL_create,0x50
0xb884fc,_POOL_create_advanced,0x1a8
0xb886a4,_POOL_free,0x120
0xb887c4,_POOL_thread,0x10c
0xb888d0,_ZSTD_freeThreadPool,0x4
0xb888d4,_POOL_sizeof,0x1c
0xb888f0,_POOL_resize,0x148
0xb88a38,_POOL_add,0xdc
0xb88b14,_POOL_tryAdd,0xc8
0xb88bdc,_ZSTD_XXH_versionNumber,0x8
0xb88be4,_ZSTD_XXH32_copyState,0x14
0xb88bf8,_ZSTD_XXH64_copyState,0x24
0xb88c1c,_ZSTD_XXH32,0x2a0
0xb88ebc,_ZSTD_XXH64,0x4b0
0xb8936c,_ZSTD_XXH32_createState,0x8
0xb89374,_ZSTD_XXH32_freeState,0x18
0xb8938c,_ZSTD_XXH64_createState,0x8
0xb89394,_ZSTD_XXH64_freeState,0x18
0xb893ac,_ZSTD_XXH32_reset,0x7c
0xb89428,_ZSTD_XXH64_reset,0x8c
0xb894b4,_ZSTD_XXH32_update,0x15c
0xb89610,_ZSTD_XXH32_digest,0xec
0xb896fc,_ZSTD_XXH64_update,0x244
0xb89940,_ZSTD_XXH64_digest,0x1b4
0xb89af4,_ZSTD_XXH32_canonicalFromHash,0xc
0xb89b00,_ZSTD_XXH64_canonicalFromHash,0xc
0xb89b0c,_ZSTD_XXH32_hashFromCanonical,0xc
0xb89b18,_ZSTD_XXH64_hashFromCanonical,0xc
0xb89b24,_ZSTD_versionNumber,0x8
0xb89b2c,_ZSTD_versionString,0xc
0xb89b38,_ZSTD_isError,0xc
0xb89b44,_ZSTD_getErrorName,0xc
0xb89b50,_ZSTD_getErrorCode,0xc
0xb89b5c,_ZSTD_getErrorString,0x4
0xb89b60,_ZSTD_customMalloc,0x20
0xb89b80,_ZSTD_customCalloc,0x4c
0xb89bcc,_ZSTD_customFree,0x28
0xb89bf4,_FSE_buildCTable_wksp,0x1e0
0xb89dd4,_FSE_buildCTable,0x54
0xb89e28,_FSE_NCountWriteBound,0x20
0xb89e48,_FSE_writeNCount,0x54
0xb89e9c,_FSE_writeNCount_generic,0x270
0xb8a10c,_FSE_createCTable,0x28
0xb8a134,_FSE_freeCTable,0x4
0xb8a138,_FSE_optimalTableLog_internal,0x68
0xb8a1a0,_FSE_optimalTableLog,0x68
0xb8a208,_FSE_normalizeCount,0x324
0xb8a52c,_FSE_buildCTable_raw,0xf4
0xb8a620,_FSE_buildCTable_rle,0x20
0xb8a640,_FSE_compress_usingCTable,0x14
0xb8a654,_FSE_compress_usingCTable_generic,0x448
0xb8aa9c,_FSE_compressBound,0xc
0xb8aaa8,_FSE_compress_wksp,0x288
0xb8ad30,_FSE_compress2,0x64
0xb8ad94,_FSE_compress,0x5c
0xb8adf0,_HIST_isError,0xc
0xb8adfc,_HIST_count_simple,0xb8
0xb8aeb4,_HIST_countFast_wksp,0x110
0xb8afc4,_HIST_count_parallel_wksp,0x2d0
0xb8b294,_HIST_count_wksp,0x128
0xb8b3bc,_HIST_countFast,0x118
0xb8b4d4,_HIST_count,0x138
0xb8b60c,_HUF_optimalTableLog,0x8
0xb8b614,_HUF_writeCTable,0x370
0xb8b984,_HUF_readCTable,0x24c
0xb8bbd0,_HUF_getNbBits,0xc
0xb8bbdc,_HUF_buildCTable_wksp,0x728
0xb8c304,_HUF_estimateCompressedSize,0xe0
0xb8c3e4,_HUF_validateCTable,0x150
0xb8c534,_HUF_compressBound,0xc
0xb8c540,_HUF_compress1X_usingCTable,0x4
0xb8c544,_HUF_compress1X_usingCTable_internal,0x1ac
0xb8c6f0,_HUF_compress4X_usingCTable,0x4
0xb8c6f4,_HUF_compress4X_usingCTable_internal,0x11c
0xb8c810,_HUF_compress1X_wksp,0x34
0xb8c844,_HUF_compress_internal,0x644
0xb8ce88,_HUF_compress1X_repeat,0x24
0xb8ceac,_HUF_compress4X_wksp,0x34
0xb8cee0,_HUF_compress4X_repeat,0x24
0xb8cf04,_HUF_buildCTable,0x54
0xb8cf58,_HUF_compress1X,0x64
0xb8cfbc,_HUF_compress2,0x64
0xb8d020,_HUF_compress,0x6c
0xb8d08c,_HUF_readDTableX1_wksp,0x8
0xb8d094,_HUF_readDTableX1_wksp_bmi2,0x5b4
0xb8d648,_HUF_decompress1X1_usingDTable,0x14
0xb8d65c,_HUF_decompress1X1_usingDTable_internal,0x238
0xb8d894,_HUF_decompress1X1_DCtx_wksp,0x90
0xb8d924,_HUF_decompress4X1_usingDTable,0x14
0xb8d938,_HUF_decompress4X1_usingDTable_internal,0xbe8
0xb8e520,_HUF_decompress4X1_DCtx_wksp,0x90
0xb8e5b0,_HUF_readDTableX2_wksp,0x598
0xb8eb48,_HUF_decompress1X2_usingDTable,0x1c
0xb8eb64,_HUF_decompress1X2_usingDTable_internal,0x328
0xb8ee8c,_HUF_decompress1X2_DCtx_wksp,0x8c
0xb8ef18,_HUF_decompress4X2_usingDTable,0x1c
0xb8ef34,_HUF_decompress4X2_usingDTable_internal,0x1030
0xb8ff64,_HUF_decompress4X2_DCtx_wksp,0x8c
0xb8fff0,_HUF_decompress1X_usingDTable,0x10
0xb90000,_HUF_decompress4X_usingDTable,0x10
0xb90010,_HUF_selectDecoder,0x50
0xb90060,_HUF_decompress4X_hufOnly_wksp,0x134
0xb90194,_HUF_decompress1X_DCtx_wksp,0x174
0xb90308,_HUF_decompress1X_usingDTable_bmi2,0x10
0xb90318,_HUF_decompress1X1_DCtx_wksp_bmi2,0x90
0xb903a8,_HUF_decompress4X_usingDTable_bmi2,0x10
0xb903b8,_HUF_decompress4X_hufOnly_wksp_bmi2,0x134
0xb904ec,_HUF_readDTableX1,0x50
0xb9053c,_HUF_decompress1X1_DCtx,0xb4
0xb905f0,_HUF_decompress1X1,0xe4
0xb906d4,_HUF_readDTableX2,0x4c
0xb90720,_HUF_decompress1X2_DCtx,0xb0
0xb907d0,_HUF_decompress1X2,0xe0
0xb908b0,_HUF_decompress4X1_DCtx,0xb4
0xb94c74,_uw_install_context_1,0x10c
0xb94d80,__Unwind_GetCFA,0x8
0xb94d88,__Unwind_SetGR,0x58
0xb94de0,__Unwind_GetIP,0x8
0xb94de8,__Unwind_GetIPInfo,0x14
0xb94dfc,__Unwind_SetIP,0x8
0xb94e04,__Unwind_GetLanguageSpecificData,0x8
0xb94e0c,__Unwind_GetRegionStart,0x8
0xb94e14,__Unwind_FindEnclosingFunction,0x28
0xb94e3c,__Unwind_GetDataRelBase,0x8
0xb94e44,__Unwind_GetTextRelBase,0x8
0xb94e4c,_base_of_encoded_value,0x78
0xb94ec4,_execute_cfa_program,0x4f8
0xb953bc,_uw_frame_state_for,0x424
0xb957e0,_execute_stack_op,0x5b4
0xb95d94,_uw_update_context_1,0x20c
0xb95fa0,_uw_init_context_1,0xdc
0xb9607c,_uw_update_context,0x4c
0xb960c8,__Unwind_RaiseException_Phase2,0xc0
0xb96188,__Unwind_ForcedUnwind_Phase2,0xec
0xb96274,___frame_state_for,0xf4
0xb96368,__Unwind_DebugHook,0x4
0xb9636c,__Unwind_RaiseException,0x178
0xb964e4,__Unwind_ForcedUnwind,0xf4
0xb965d8,__Unwind_Resume,0xfc
0xb966d4,__Unwind_Resume_or_Rethrow,0xf8
0xb967cc,__Unwind_DeleteException,0x24
0xb967f0,__Unwind_Backtrace,0xd0
0xb968c0,_j_read_uleb128_0,0x4
0xb968c4,_e843419@00dc_00005a01_1694,0x8
0xb978c0,_read_uleb128_0,0x28
0xb978e8,_read_sleb128_0,0x40
0xb97928,_fde_unencoded_compare,0x1c
0xb97944,_frame_downheap,0xc0
0xb97a04,_frame_heapsort,0xb4
0xb97ab8,_size_of_encoded_value,0x60
0xb97b18,_base_from_object,0x60
0xb97b78,_base_from_cb_data,0x60
0xb97bd8,_read_encoded_value_with_base_0,0xf0
0xb97cc8,_fde_single_encoding_compare,0x90
0xb97d58,_get_cie_encoding,0xfc
0xb97e54,_linear_search_fdes,0x160
0xb97fb4,_get_fde_encoding,0x10
0xb97fc4,__Unwind_IteratePhdrCallback,0x41c
0xb983e0,_fde_mixed_encoding_compare,0x9c
0xb9847c,_classify_object_over_fdes,0x160
0xb985dc,_add_fdes,0x134
0xb98710,_search_object,0x570
0xb98c80,___register_frame_info_bases,0x9c
0xb98d1c,___register_frame_info,0xc
0xb98d28,___register_frame,0x40
0xb98d68,___register_frame_info_table_bases,0x94
0xb98dfc,___register_frame_info_table,0xc
0xb98e08,___register_frame_table,0x2c
0xb98e34,___deregister_frame_info_bases,0x100
0xb98f34,___deregister_frame_info,0x4
0xb98f38,___deregister_frame,0x24
0xb98f5c,__Unwind_Find_FDE,0x1c4
0xb99120,_emutls_init,0x40
0xb99160,_emutls_destroy,0x80
0xb991e0,_emutls_alloc,0x98
0xb99278,___emutls_unregister_key,0x20
0xb99298,___emutls_get_address,0x158
0xb993f0,___emutls_register_common,0x3c
0xb9942c,___sfp_handle_exceptions,0x60
0xb90964,_HUF_decompress4X1,0xe4
0xb90a48,_HUF_decompress4X2_DCtx,0xb0
0xb90af8,_HUF_decompress4X2,0xe0
0xb90bd8,_HUF_decompress,0xcc
0xb90ca4,_HUF_decompress4X_DCtx,0x18c
0xb90e30,_HUF_decompress4X_hufOnly,0x4c
0xb90e7c,_HUF_decompress1X_DCtx,0x4c
0xb90ec8,_ZSTD_DDict_dictContent,0x8
0xb90ed0,_ZSTD_DDict_dictSize,0x8
0xb90ed8,_ZSTD_copyDDictParameters,0xa0
0xb90f78,_ZSTD_createDDict_advanced,0x1e0
0xb91158,_ZSTD_freeDDict,0x94
0xb911ec,_ZSTD_createDDict,0x58
0xb91244,_ZSTD_createDDict_byReference,0x58
0xb9129c,_ZSTD_initStaticDDict,0x100
0xb9139c,_ZSTD_estimateDDictSize,0x14
0xb913b0,_ZSTD_sizeof_DDict,0x24
0xb913d4,_ZSTD_getDictID_fromDDict,0x14
0xb913e8,__ZNSt6__ndk18ios_base4InitC2Ev,0x4b0
0xb91898,__ZNSt6__ndk111__stdoutbufIcEC2EP7__sFILEP9mbstate_t,0xf8
0xb91990,__ZNSt6__ndk111__stdoutbufIwEC2EP7__sFILEP9mbstate_t,0xf8
0xb91a88,__ZNSt6__ndk18ios_base4InitD2Ev,0x48
0xb91ad0,__ZNSt6__ndk113basic_ostreamIwNS_11char_traitsIwEEE5flushEv,0x11c
0xb91bec,___clang_call_terminate,0xc
0xb91bf8,__ZNSt6__ndk110__stdinbufIcED0Ev,0x34
0xb91c2c,__ZNSt6__ndk110__stdinbufIcE5imbueERKNS_6localeE,0x78
0xb91ca4,__ZNSt6__ndk110__stdinbufIcE9underflowEv,0x8
0xb91cac,__ZNSt6__ndk110__stdinbufIcE5uflowEv,0x8
0xb91cb4,__ZNSt6__ndk110__stdinbufIcE9pbackfailEi,0x11c
0xb91dd0,__ZNSt6__ndk110__stdinbufIcE9__getcharEb,0x190
0xb91f60,__ZNSt6__ndk110__stdinbufIwED0Ev,0x34
0xb91f94,__ZNSt6__ndk110__stdinbufIwE5imbueERKNS_6localeE,0x78
0xb9200c,__ZNSt6__ndk115basic_streambufIwNS_11char_traitsIwEEE6setbufEPwl,0x4
0xb92010,__ZNSt6__ndk115basic_streambufIwNS_11char_traitsIwEEE7seekoffExNS_8ios_base7seekdirEj,0xc
0xb9201c,__ZNSt6__ndk115basic_streambufIwNS_11char_traitsIwEEE7seekposENS_4fposI9mbstate_tEEj,0xc
0xb92028,__ZNSt6__ndk115basic_streambufIwNS_11char_traitsIwEEE4syncEv,0x8
0xb92030,__ZNSt6__ndk115basic_streambufIwNS_11char_traitsIwEEE9showmanycEv,0x8
0xb92038,__ZNSt6__ndk115basic_streambufIwNS_11char_traitsIwEEE6xsgetnEPwl,0xd4
0xb9210c,__ZNSt6__ndk110__stdinbufIwE9underflowEv,0x8
0xb92114,__ZNSt6__ndk110__stdinbufIwE5uflowEv,0x8
0xb9211c,__ZNSt6__ndk110__stdinbufIwE9pbackfailEj,0x11c
0xb92238,__ZNSt6__ndk115basic_streambufIwNS_11char_traitsIwEEE6xsputnEPKwl,0xd4
0xb9230c,__ZNSt6__ndk115basic_streambufIwNS_11char_traitsIwEEE8overflowEj,0x8
0xb92314,__ZNSt6__ndk115basic_streambufIwNS_11char_traitsIwEEED2Ev,0x14
0xb92328,__ZNSt6__ndk115basic_streambufIwNS_11char_traitsIwEEED0Ev,0x34
0xb9235c,__ZNSt6__ndk115basic_streambufIwNS_11char_traitsIwEEE5imbueERKNS_6localeE,0x4
0xb92360,__ZNSt6__ndk115basic_streambufIwNS_11char_traitsIwEEE9underflowEv,0x8
0xb92368,__ZNSt6__ndk115basic_streambufIwNS_11char_traitsIwEEE5uflowEv,0x40
0xb923a8,__ZNSt6__ndk115basic_streambufIwNS_11char_traitsIwEEE9pbackfailEj,0x8
0xb923b0,__ZNSt6__ndk110__stdinbufIwE9__getcharEb,0x190
0xb92540,__ZNSt6__ndk113basic_istreamIwNS_11char_traitsIwEEED1Ev,0x8
0xb92548,__ZNSt6__ndk113basic_istreamIwNS_11char_traitsIwEEED0Ev,0x28
0xb92570,__ZTv0_n24_NSt6__ndk113basic_istreamIwNS_11char_traitsIwEEED1Ev,0x14
0xb92584,__ZTv0_n24_NSt6__ndk113basic_istreamIwNS_11char_traitsIwEEED0Ev,0x30
0xb925b4,__ZNSt6__ndk111__stdoutbufIcED0Ev,0x34
0xb925e8,__ZNSt6__ndk111__stdoutbufIcE5imbueERKNS_6localeE,0x54
0xb9263c,__ZNSt6__ndk111__stdoutbufIcE4syncEv,0xc8
0xb92704,__ZNSt6__ndk111__stdoutbufIcE6xsputnEPKcl,0x98
0xb9279c,__ZNSt6__ndk111__stdoutbufIcE8overflowEi,0x144
0xb928e0,__ZNSt6__ndk111__stdoutbufIwED0Ev,0x34
0xb92914,__ZNSt6__ndk111__stdoutbufIwE5imbueERKNS_6localeE,0x54
0xb92968,__ZNSt6__ndk111__stdoutbufIwE4syncEv,0xc8
0xb92a30,__ZNSt6__ndk111__stdoutbufIwE6xsputnEPKwl,0x98
0xb92ac8,__ZNSt6__ndk111__stdoutbufIwE8overflowEj,0x144
0xb92c0c,__ZNSt6__ndk113basic_ostreamIwNS_11char_traitsIwEEED1Ev,0x8
0xb92c14,__ZNSt6__ndk113basic_ostreamIwNS_11char_traitsIwEEED0Ev,0x28
0xb92c3c,__ZTv0_n24_NSt6__ndk113basic_ostreamIwNS_11char_traitsIwEEED1Ev,0x14
0xb92c50,__ZTv0_n24_NSt6__ndk113basic_ostreamIwNS_11char_traitsIwEEED0Ev,0x30
0xb92c80,__ZNSt6__ndk113basic_ostreamIcNS_11char_traitsIcEEE6sentryD2Ev,0xa0
0xb92d20,__ZNSt6__ndk113basic_ostreamIwNS_11char_traitsIwEEE6sentryD2Ev,0xa0
0xb92dc0,__ZNSt6__ndk113random_deviceC2ERKNS_12basic_stringIcNS_11char_traitsIcEENS_9allocatorIcEEEE,0xc8
0xb92e88,__ZNSt6__ndk113random_deviceD2Ev,0x1c
0xb92ea4,__ZNSt6__ndk113random_deviceclEv,0xb8
0xb92f5c,__ZNKSt6__ndk113random_device7entropyEv,0x8
0xb92f64,__ZNKSt6__ndk121__basic_string_commonILb1EE20__throw_length_errorEv,0x14
0xb92f78,__ZNSt6__ndk120__throw_length_errorEPKc,0x50
0xb92fc8,__ZNSt12length_errorC2EPKc,0x30
0xb92ff8,__ZNSt6__ndk111regex_errorC2ENS_15regex_constants10error_typeE,0x60
0xb93058,__ZNSt6__ndk111regex_errorD2Ev,0x4
0xb9305c,__ZNSt6__ndk111regex_errorD0Ev,0x24
0xb93080,__ZNSt6__ndk120__get_collation_nameEPKc,0xa4
0xb93124,__ZNSt6__ndk115__get_classnameEPKcb,0xbc
0xb931e0,__ZNKSt6__ndk123__match_any_but_newlineIcE6__execERNS_7__stateIcEE,0x4c
0xb9322c,__ZNKSt6__ndk123__match_any_but_newlineIwE6__execERNS_7__stateIwEE,0x5c
0xb93288,___cxa_thread_atexit,0x12c
0xb933b4,_sub_B933B4,0x18
0xb933cc,_j_.__cxa_call_unexpected,0x4
0xb933d0,__ZN10__cxxabiv112_GLOBAL__N_112DtorsManagerD2Ev,0x80
0xb93450,__ZN10__cxxabiv112_GLOBAL__N_19run_dtorsEPv,0x78
0xb934c8,_abort_message,0xf0
0xb935b8,___letf2,0x13c
0xb936f4,___multf3,0x6e0
0xb93dd4,___subtf3,0xb14
0xb948e8,___floatditf,0x8c
0xb94974,_read_uleb128,0x28
0xb9499c,_read_sleb128,0x40
0xb949dc,_read_encoded_value_with_base,0xf0
0xb94acc,_init_dwarf_reg_size_table,0x114
0xb94be0,__Unwind_SetSpColumn,0x3c
0xb94c1c,__Unwind_GetGR,0x58
